z,sigma_0_2,sigma_1_0,sigma_2_0
-3.0,2.8905620875658995,4.5,5.193147180559945
-2.99,2.8606120875659,4.4700500000000005,5.163197180559946
-2.98,2.8307620875658994,4.4402,5.133347180559945
-2.97,2.8010120875659004,4.410450000000001,5.103597180559946
-2.96,2.7713620875658993,4.3808,5.073947180559945
-2.95,2.7418120875659,4.35125,5.044397180559946
-2.94,2.712362087565899,4.3218,5.014947180559945
-2.93,2.6830120875659,4.2924500000000005,4.985597180559946
-2.92,2.653762087565899,4.263199999999999,4.956347180559945
-2.91,2.6246120875659003,4.234050000000001,4.927197180559946
-2.9,2.5955620875658996,4.205,4.8981471805599455
-2.89,2.5666120875658995,4.17605,4.869197180559945
-2.88,2.5377620875658993,4.1472,4.840347180559945
-2.87,2.5090120875658997,4.11845,4.811597180559946
-2.86,2.480362087565899,4.089799999999999,4.782947180559945
-2.85,2.4518120875658997,4.06125,4.754397180559946
-2.84,2.4233620875658994,4.0328,4.725947180559945
-2.83,2.3950120875659,4.00445,4.697597180559946
-2.82,2.366762087565899,3.9761999999999995,4.669347180559945
-2.81,2.3386120875658998,3.9480500000000003,4.641197180559946
-2.8,2.3105620875658994,3.9199999999999995,4.613147180559944
-2.79,2.2826120875658997,3.8920500000000002,4.585197180559946
-2.78,2.254762087565899,3.8641999999999994,4.557347180559945
-2.77,2.2270120875658996,3.83645,4.5295971805599455
-2.76,2.1993620875658992,3.8087999999999993,4.501947180559944
-2.75,2.1718120875658995,3.78125,4.474397180559945
-2.74,2.1443620875659004,3.7538000000000005,4.446947180559945
-2.73,2.1170120875658993,3.72645,4.419597180559945
-2.7199999999999998,2.089762087565899,3.6991999999999994,4.392347180559945
-2.71,2.0626120875659,3.67205,4.365197180559945
-2.7,2.0355620875659,3.6450000000000005,4.338147180559946
-2.69,2.0086120875658997,3.6180499999999998,4.311197180559945
-2.68,1.9817620875659003,3.5912000000000006,4.284347180559946
-2.67,1.9550120875658996,3.56445,4.257597180559945
-2.66,1.9283620875659,3.5378000000000003,4.230947180559945
-2.65,1.9018120875658997,3.51125,4.204397180559945
-2.64,1.8753620875659,3.4848000000000003,4.177947180559945
-2.63,1.8490120875658993,3.4584499999999996,4.1515971805599445
-2.62,1.8227620875659,3.4322000000000004,4.125347180559945
-2.61,1.7966120875658993,3.4060499999999996,4.099197180559945
-2.6,1.7705620875659,3.3800000000000003,4.073147180559945
-2.59,1.7446120875658992,3.3540499999999995,4.0471971805599445
-2.58,1.7187620875659,3.3282000000000003,4.021347180559945
-2.57,1.6930120875658992,3.3024499999999994,3.995597180559945
-2.56,1.6673620875658999,3.2768,3.9699471805599456
-2.55,1.6418120875658995,3.2512499999999998,3.944397180559945
-2.54,1.6163620875658997,3.2258,3.9189471805599454
-2.53,1.5910120875658993,3.2004499999999996,3.893597180559945
-2.52,1.5657620875659,3.1752000000000002,3.8683471805599456
-2.51,1.540612087565899,3.1500499999999994,3.8431971805599447
-2.5,1.5155620875658997,3.125,3.8181471805599454
-2.49,1.4906120875659001,3.1000500000000004,3.793197180559946
-2.48,1.4657620875658999,3.0752,3.7683471805599456
-2.4699999999999998,1.441012087565899,3.050449999999999,3.7435971805599446
-2.46,1.4163620875658995,3.0258,3.718947180559945
-2.45,1.3918120875659004,3.0012500000000006,3.694397180559946
-2.44,1.3673620875658996,2.9768,3.6699471805599453
-2.4299999999999997,1.343012087565899,2.9524499999999994,3.6455971805599447
-2.42,1.3187620875658996,2.9282,3.6213471805599453
-2.41,1.2946120875659,2.9040500000000002,3.5971971805599456
-2.4,1.2705620875658996,2.88,3.5731471805599453
-2.39,1.2466120875659,2.85605,3.5491971805599456
-2.38,1.2227620875658995,2.8322,3.5253471805599452
-2.37,1.1990120875658998,2.80845,3.5015971805599455
-2.36,1.1753620875658994,2.7847999999999997,3.477947180559945
-2.35,1.1518120875659001,2.7612500000000004,3.454397180559946
-2.34,1.1283620875658993,2.7377999999999996,3.430947180559945
-2.33,1.1050120875659,2.7144500000000003,3.4075971805599456
-2.32,1.0817620875658995,2.6912,3.384347180559945
-2.31,1.0586120875658998,2.66805,3.3611971805599454
-2.3,1.0355620875658993,2.6449999999999996,3.338147180559945
-2.29,1.0126120875659,2.62205,3.3151971805599456
-2.2800000000000002,0.9897620875659003,2.5992000000000006,3.292347180559946
-2.27,0.9670120875658996,2.57645,3.2695971805599453
-2.26,0.9443620875658991,2.5537999999999994,3.246947180559945
-2.25,0.9218120875658997,2.53125,3.2243971805599454
-2.24,0.8993620875659001,2.5088000000000004,3.2019471805599458
-2.23,0.8770120875658998,2.48645,3.1795971805599454
-2.2199999999999998,0.8547620875658992,2.4641999999999995,3.157347180559945
-2.21,0.8326120875658998,2.44205,3.1351971805599455
-2.2,0.8105620875659001,2.4200000000000004,3.1131471805599458
-2.19,0.7886120875658997,2.39805,3.0911971805599454
-2.1799999999999997,0.7667620875658991,2.3761999999999994,3.069347180559945
-2.17,0.7450120875658996,2.35445,3.0475971805599453
-2.16,0.7233620875658999,2.3328,3.0259471805599456
-2.15,0.7018120875658995,2.31125,3.004397180559945
-2.14,0.6803620875658998,2.2898,2.9829471805599455
-2.13,0.6590120875658994,2.2684499999999996,2.961597180559945
-2.12,0.6377620875659,2.2472000000000003,2.9403471805599457
-2.11,0.6166120875658996,2.22605,2.9191971805599453
-2.1,0.5955620875658998,2.205,2.8981471805599455
-2.09,0.5746120875658993,2.1840499999999996,2.877197180559945
-2.08,0.5537620875659,2.1632000000000002,2.8563471805599456
-2.07,0.5330120875658995,2.1424499999999997,2.835597180559945
-2.06,0.5123620875658996,2.1218,2.8149471805599453
-2.05,0.49181208756589956,2.10125,2.7943971805599452
-2.04,0.4713620875658997,2.0808,2.7739471805599454
-2.0300000000000002,0.45101208756590005,2.0604500000000003,2.7535971805599457
-2.02,0.43076208756589973,2.0402,2.7333471805599454
-2.01,0.4106120875658992,2.0200499999999995,2.713197180559945
-2.0,0.3905620875658997,2.0,2.6931471805599454
-1.99,0.3706120875658998,1.98005,2.6731971805599453
-1.98,0.35076208756589966,1.9602,2.6533471805599453
-1.97,0.3310120875658997,1.94045,2.633597180559945
-1.96,0.31136208756589956,1.9207999999999998,2.6139471805599452
-1.95,0.2918120875658996,1.9012499999999999,2.594397180559945
-1.94,0.27236208756589964,1.8818,2.574947180559945
-1.93,0.25301208756589966,1.86245,2.5555971805599453
-1.92,0.23376208756589967,1.8432,2.5363471805599453
-1.91,0.21461208756589967,1.82405,2.517197180559945
-1.9,0.19556208756589966,1.805,2.498147180559945
-1.89,0.17661208756589963,1.78605,2.4791971805599453
-1.88,0.1577620875658996,1.7671999999999999,2.4603471805599453
-1.8699999999999999,0.13901208756589956,1.7484499999999998,2.441597180559945
-1.8599999999999999,0.1203620875658995,1.7297999999999998,2.422947180559945
-1.8499999999999999,0.10181208756589943,1.7112499999999997,2.404397180559945
-1.84,0.0833620875658998,1.6928,2.3859471805599455
-1.83,0.06501208756589993,1.6744500000000002,2.3675971805599456
-1.82,0.046762087565899835,1.6562000000000001,2.3493471805599455
-1.81,0.028612087565899724,1.63805,2.331197180559945
-1.8,0.010562087565899825,1.62,2.3131471805599455
-1.79,-0.007387912434100308,1.60205,2.295197180559945
-1.78,-0.02523791243410023,1.5842,2.2773471805599454
-1.77,-0.04298791243410016,1.5664500000000001,2.2595971805599455
-1.76,-0.06063791243410033,1.5488,2.2419471805599454
-1.75,-0.07818791243410028,1.53125,2.2243971805599454
-1.74,-0.09563791243410025,1.5138,2.206947180559945
-1.73,-0.11298791243410022,1.49645,2.1895971805599452
-1.72,-0.13023791243410043,1.4791999999999998,2.172347180559945
-1.71,-0.14738791243410043,1.4620499999999998,2.155197180559945
-1.7,-0.16443791243410044,1.4449999999999998,2.1381471805599452
-1.69,-0.18138791243410046,1.4280499999999998,2.121197180559945
-1.68,-0.1982379124341005,1.4111999999999998,2.104347180559945
-1.67,-0.21498791243410031,1.39445,2.0875971805599454
-1.66,-0.23163791243410037,1.3778,2.070947180559945
-1.65,-0.24818791243410043,1.3612499999999998,2.054397180559945
-1.64,-0.2646379124341005,1.3447999999999998,2.037947180559945
-1.63,-0.2809879124341004,1.32845,2.021597180559945
-1.6199999999999999,-0.29723791243410047,1.3121999999999998,2.005347180559945
-1.6099999999999999,-0.3133879124341006,1.2960499999999997,1.989197180559945
-1.5999999999999999,-0.3294379124341005,1.2799999999999998,1.9731471805599452
-1.59,-0.34538791243410016,1.2640500000000001,1.9571971805599455
-1.58,-0.3612379124341001,1.2482000000000002,1.9413471805599456
-1.57,-0.37698791243410024,1.23245,1.9255971805599454
-1.56,-0.3926379124341002,1.2168,1.9099471805599455
-1.55,-0.40818791243410013,1.2012500000000002,1.8943971805599453
-1.54,-0.4236379124341003,1.1858,1.8789471805599454
-1.53,-0.4389879124341003,1.17045,1.8635971805599452
-1.52,-0.4542379124341003,1.1552,1.8483471805599452
-1.51,-0.4693879124341003,1.14005,1.8331971805599454
-1.5,-0.4844379124341003,1.125,1.8181471805599454
-1.49,-0.4993879124341003,1.11005,1.8031971805599452
-1.48,-0.5142379124341003,1.0952,1.7883471805599451
-1.47,-0.5289879124341004,1.08045,1.7735971805599453
-1.46,-0.5436379124341004,1.0657999999999999,1.7589471805599453
-1.45,-0.5581879124341003,1.05125,1.7443971805599454
-1.44,-0.5726379124341003,1.0368,1.7299471805599453
-1.43,-0.5869879124341004,1.0224499999999999,1.715597180559945
-1.42,-0.6012379124341003,1.0082,1.7013471805599454
-1.41,-0.6153879124341004,0.9940499999999999,1.687197180559945
-1.4,-0.6294379124341004,0.9799999999999999,1.6731471805599452
-1.39,-0.6433879124341004,0.9660499999999999,1.659197180559945
-1.38,-0.6572379124341005,0.9521999999999998,1.645347180559945
-1.3699999999999999,-0.6709879124341004,0.9384499999999999,1.6315971805599452
-1.3599999999999999,-0.6846379124341004,0.9247999999999998,1.6179471805599452
-1.3499999999999999,-0.6981879124341005,0.9112499999999998,1.604397180559945
-1.3399999999999999,-0.7116379124341005,0.8977999999999998,1.590947180559945
-1.33,-0.7249879124341002,0.8844500000000001,1.5775971805599454
-1.32,-0.7382379124341002,0.8712000000000001,1.5643471805599454
-1.31,-0.7513879124341002,0.8580500000000001,1.5511971805599454
-1.3,-0.7644379124341002,0.8450000000000001,1.5381471805599454
-1.29,-0.7773879124341002,0.8320500000000001,1.5251971805599454
-1.28,-0.7902379124341002,0.8192,1.5123471805599453
-1.27,-0.8029879124341003,0.80645,1.4995971805599453
-1.26,-0.8156379124341002,0.7938000000000001,1.4869471805599455
-1.25,-0.8281879124341003,0.78125,1.4743971805599454
-1.24,-0.8406379124341002,0.7688,1.4619471805599453
-1.23,-0.8529879124341003,0.75645,1.4495971805599452
-1.22,-0.8652379124341003,0.7442,1.4373471805599451
-1.21,-0.8773879124341003,0.73205,1.4251971805599453
-1.2,-0.8894379124341003,0.72,1.4131471805599451
-1.19,-0.9013879124341003,0.70805,1.4011971805599452
-1.18,-0.9132379124341004,0.6961999999999999,1.389347180559945
-1.17,-0.9249879124341004,0.6844499999999999,1.3775971805599452
-1.16,-0.9366379124341003,0.6728,1.3659471805599452
-1.15,-0.9481879124341004,0.6612499999999999,1.3543971805599453
-1.14,-0.9596379124341003,0.6497999999999999,1.3429471805599453
-1.13,-0.9709879124341004,0.6384499999999999,1.3315971805599451
-1.1199999999999999,-0.9822379124341004,0.6271999999999999,1.3203471805599452
-1.1099999999999999,-0.9933879124341004,0.6160499999999999,1.3091971805599452
-1.0999999999999999,-1.0044379124341005,0.6049999999999999,1.2981471805599452
-1.0899999999999999,-1.0153879124341003,0.5940499999999999,1.2871971805599451
-1.08,-1.0262379124341003,0.5832,1.2763471805599453
-1.07,-1.0369879124341002,0.57245,1.2655971805599453
-1.06,-1.0476379124341002,0.5618000000000001,1.2549471805599453
-1.05,-1.0581879124341003,0.55125,1.2443971805599454
-1.04,-1.0686379124341001,0.5408000000000001,1.2339471805599453
-1.03,-1.0789879124341004,0.53045,1.2235971805599453
-1.02,-1.0892379124341003,0.5202,1.2133471805599454
-1.01,-1.0993879124341004,0.51005,1.2031971805599453
-1.0,-1.1094379124341003,0.5,1.1931471805599454
-0.9899999999999998,-1.1193879124341004,0.49004999999999976,1.183197180559945
-0.98,-1.1292379124341003,0.48019999999999996,1.1733471805599454
-0.9699999999999998,-1.1389879124341005,0.47044999999999976,1.163597180559945
-0.96,-1.1486379124341002,0.4608,1.1539471805599453
-0.9500000000000002,-1.1581879124341001,0.45125000000000015,1.1443971805599453
-0.94,-1.1676379124341003,0.44179999999999997,1.1349471805599451
-0.9300000000000002,-1.1769879124341,0.43245000000000017,1.1255971805599454
-0.9199999999999999,-1.1862379124341005,0.4231999999999999,1.1163471805599452
-0.9100000000000001,-1.1953879124341,0.41405000000000014,1.1071971805599454
-0.8999999999999999,-1.2044379124341003,0.4049999999999999,1.0981471805599452
-0.8900000000000001,-1.2133879124341003,0.3960500000000001,1.0891971805599454
-0.8799999999999999,-1.2222379124341003,0.38719999999999993,1.0803471805599452
-0.8700000000000001,-1.2309879124341,0.3784500000000001,1.0715971805599454
-0.8599999999999999,-1.2396379124341004,0.3697999999999999,1.062947180559945
-0.8500000000000001,-1.2481879124341002,0.36125000000000007,1.0543971805599455
-0.8399999999999999,-1.2566379124341003,0.3527999999999999,1.0459471805599452
-0.8300000000000001,-1.2649879124341004,0.34445000000000003,1.0375971805599453
-0.8199999999999998,-1.2732379124341004,0.3361999999999999,1.0293471805599452
-0.81,-1.2813879124341003,0.32805000000000006,1.0211971805599453
-0.7999999999999998,-1.2894379124341004,0.31999999999999984,1.0131471805599452
-0.79,-1.2973879124341003,0.31205000000000005,1.0051971805599453
-0.7799999999999998,-1.3052379124341005,0.30419999999999986,0.9973471805599452
-0.77,-1.3129879124341004,0.29645,0.9895971805599453
-0.7599999999999998,-1.3206379124341003,0.28879999999999983,0.9819471805599451
-0.75,-1.3281879124341003,0.28125,0.9743971805599453
-0.7399999999999998,-1.3356379124341005,0.2737999999999998,0.9669471805599451
-0.73,-1.3429879124341002,0.26644999999999996,0.9595971805599453
-0.7199999999999998,-1.3502379124341004,0.2591999999999998,0.952347180559945
-0.71,-1.3573879124341004,0.25205,0.9451971805599453
-0.6999999999999997,-1.3644379124341004,0.2449999999999998,0.9381471805599451
-0.69,-1.3713879124341004,0.23804999999999996,0.9311971805599453
-0.6800000000000002,-1.3782379124341002,0.2312000000000001,0.9243471805599454
-0.6699999999999999,-1.3849879124341002,0.22444999999999996,0.9175971805599452
-0.6600000000000001,-1.3916379124341,0.2178000000000001,0.9109471805599454
-0.6499999999999999,-1.3981879124341003,0.21124999999999994,0.9043971805599452
-0.6400000000000001,-1.4046379124341002,0.2048000000000001,0.8979471805599454
-0.6299999999999999,-1.4109879124341003,0.19844999999999993,0.8915971805599452
-0.6200000000000001,-1.4172379124341001,0.19220000000000007,0.8853471805599453
-0.6099999999999999,-1.4233879124341002,0.18604999999999994,0.8791971805599452
-0.6000000000000001,-1.4294379124341003,0.18000000000000005,0.8731471805599453
-0.5899999999999999,-1.4353879124341002,0.17404999999999993,0.8671971805599452
-0.5800000000000001,-1.4412379124341002,0.16820000000000004,0.8613471805599453
-0.5699999999999998,-1.4469879124341003,0.1624499999999999,0.8555971805599452
-0.56,-1.4526379124341002,0.15680000000000002,0.8499471805599453
-0.5499999999999998,-1.4581879124341004,0.1512499999999999,0.8443971805599452
-0.54,-1.4636379124341004,0.1458,0.8389471805599453
-0.5299999999999998,-1.4689879124341003,0.1404499999999999,0.8335971805599451
-0.52,-1.4742379124341003,0.13520000000000001,0.8283471805599453
-0.5099999999999998,-1.4793879124341003,0.1300499999999999,0.8231971805599452
-0.5,-1.4844379124341003,0.125,0.8181471805599453
-0.48999999999999977,-1.4893879124341003,0.12004999999999989,0.8131971805599452
-0.48,-1.4942379124341003,0.1152,0.8083471805599453
-0.46999999999999975,-1.4989879124341003,0.11044999999999988,0.8035971805599451
-0.45999999999999996,-1.5036379124341004,0.10579999999999998,0.7989471805599453
-0.44999999999999973,-1.5081879124341004,0.10124999999999988,0.7943971805599451
-0.43999999999999995,-1.5126379124341003,0.09679999999999998,0.7899471805599453
-0.43000000000000016,-1.5169879124341001,0.09245000000000007,0.7855971805599453
-0.41999999999999993,-1.5212379124341002,0.08819999999999997,0.7813471805599452
-0.41000000000000014,-1.5253879124341003,0.08405000000000006,0.7771971805599454
-0.3999999999999999,-1.5294379124341004,0.07999999999999996,0.7731471805599452
-0.3900000000000001,-1.5333879124341003,0.07605000000000005,0.7691971805599453
-0.3799999999999999,-1.5372379124341002,0.07219999999999996,0.7653471805599452
-0.3700000000000001,-1.5409879124341002,0.06845000000000004,0.7615971805599453
-0.3599999999999999,-1.5446379124341003,0.06479999999999995,0.7579471805599453
-0.3500000000000001,-1.5481879124341003,0.061250000000000034,0.7543971805599453
-0.33999999999999986,-1.5516379124341004,0.05779999999999995,0.7509471805599452
-0.33000000000000007,-1.5549879124341002,0.054450000000000026,0.7475971805599453
-0.31999999999999984,-1.5582379124341004,0.05119999999999995,0.7443471805599452
-0.31000000000000005,-1.5613879124341004,0.048050000000000016,0.7411971805599453
-0.2999999999999998,-1.5644379124341004,0.04499999999999995,0.7381471805599452
-0.29000000000000004,-1.5673879124341004,0.04205000000000001,0.7351971805599453
-0.2799999999999998,-1.5702379124341004,0.03919999999999994,0.7323471805599452
-0.27,-1.5729879124341002,0.03645,0.7295971805599453
-0.2599999999999998,-1.5756379124341002,0.03379999999999994,0.7269471805599452
-0.25,-1.5781879124341003,0.03125,0.7243971805599453
-0.23999999999999977,-1.5806379124341003,0.028799999999999944,0.7219471805599452
-0.22999999999999998,-1.5829879124341002,0.026449999999999994,0.7195971805599453
-0.21999999999999975,-1.5852379124341003,0.024199999999999944,0.7173471805599452
-0.20999999999999996,-1.5873879124341004,0.022049999999999993,0.7151971805599453
-0.19999999999999973,-1.5894379124341003,0.01999999999999995,0.7131471805599452
-0.18999999999999995,-1.5913879124341004,0.01804999999999999,0.7111971805599453
-0.18000000000000016,-1.5932379124341003,0.01620000000000003,0.7093471805599453
-0.16999999999999993,-1.5949879124341002,0.014449999999999987,0.7075971805599452
-0.16000000000000014,-1.5966379124341004,0.012800000000000023,0.7059471805599453
-0.1499999999999999,-1.5981879124341003,0.011249999999999987,0.7043971805599453
-0.14000000000000012,-1.5996379124341003,0.009800000000000017,0.7029471805599453
-0.1299999999999999,-1.6009879124341002,0.008449999999999985,0.7015971805599452
-0.1200000000000001,-1.6022379124341002,0.007200000000000013,0.7003471805599453
-0.10999999999999988,-1.6033879124341004,0.006049999999999986,0.6991971805599453
-0.10000000000000009,-1.6044379124341002,0.005000000000000009,0.6981471805599453
-0.08999999999999986,-1.6053879124341004,0.004049999999999988,0.6971971805599453
-0.08000000000000007,-1.6062379124341002,0.003200000000000006,0.6963471805599453
-0.06999999999999984,-1.6069879124341002,0.0024499999999999886,0.6955971805599452
-0.06000000000000005,-1.6076379124341003,0.0018000000000000032,0.6949471805599453
-0.04999999999999982,-1.6081879124341003,0.0012499999999999911,0.6943971805599453
-0.040000000000000036,-1.6086379124341004,0.0008000000000000014,0.6939471805599453
-0.029999999999999805,-1.6089879124341002,0.00044999999999999413,0.6935971805599452
-0.020000000000000018,-1.6092379124341003,0.00020000000000000036,0.6933471805599453
-0.009999999999999787,-1.6093879124341002,4.999999999999787e-05,0.6931971805599453
0.0,-1.6094379124341003,0.0,0.6931471805599453
0.010000000000000231,-1.6093879124341002,5.0000000000002306e-05,0.6931971805599453
0.020000000000000018,-1.6092379124341003,0.00020000000000000036,0.6933471805599453
0.03000000000000025,-1.6089879124341002,0.00045000000000000747,0.6935971805599453
0.040000000000000036,-1.6086379124341004,0.0008000000000000014,0.6939471805599453
0.050000000000000266,-1.6081879124341003,0.0012500000000000133,0.6943971805599453
0.06000000000000005,-1.6076379124341003,0.0018000000000000032,0.6949471805599453
0.07000000000000028,-1.6069879124341002,0.00245000000000002,0.6955971805599453
0.08000000000000007,-1.6062379124341002,0.003200000000000006,0.6963471805599453
0.08999999999999986,-1.6053879124341004,0.004049999999999988,0.6971971805599453
0.10000000000000009,-1.6044379124341002,0.005000000000000009,0.6981471805599453
0.10999999999999988,-1.6033879124341004,0.006049999999999986,0.6991971805599453
0.1200000000000001,-1.6022379124341002,0.007200000000000013,0.7003471805599453
0.1299999999999999,-1.6009879124341002,0.008449999999999985,0.7015971805599452
0.14000000000000012,-1.5996379124341003,0.009800000000000017,0.7029471805599453
0.1499999999999999,-1.5981879124341003,0.011249999999999987,0.7043971805599453
0.16000000000000014,-1.5966379124341004,0.012800000000000023,0.7059471805599453
0.16999999999999993,-1.5949879124341002,0.014449999999999987,0.7075971805599452
0.18000000000000016,-1.5932379124341003,0.01620000000000003,0.7093471805599453
0.18999999999999995,-1.5913879124341004,0.01804999999999999,0.7111971805599453
0.20000000000000018,-1.5894379124341003,0.020000000000000035,0.7131471805599453
0.20999999999999996,-1.5873879124341004,0.022049999999999993,0.7151971805599453
0.2200000000000002,-1.5852379124341003,0.024200000000000044,0.7173471805599453
0.22999999999999998,-1.5829879124341002,0.026449999999999994,0.7195971805599453
0.2400000000000002,-1.5806379124341001,0.02880000000000005,0.7219471805599453
0.25,-1.5781879124341003,0.03125,0.7243971805599453
0.26000000000000023,-1.5756379124341002,0.03380000000000006,0.7269471805599453
0.27,-1.5729879124341002,0.03645,0.7295971805599453
0.28000000000000025,-1.5702379124341002,0.03920000000000007,0.7323471805599453
0.29000000000000004,-1.5673879124341004,0.04205000000000001,0.7351971805599453
0.30000000000000027,-1.5644379124341001,0.04500000000000008,0.7381471805599453
0.31000000000000005,-1.5613879124341004,0.048050000000000016,0.7411971805599453
0.3200000000000003,-1.5582379124341001,0.05120000000000009,0.7443471805599454
0.33000000000000007,-1.5549879124341002,0.054450000000000026,0.7475971805599453
0.33999999999999986,-1.5516379124341004,0.05779999999999995,0.7509471805599452
0.3500000000000001,-1.5481879124341003,0.061250000000000034,0.7543971805599453
0.3599999999999999,-1.5446379124341003,0.06479999999999995,0.7579471805599453
0.3700000000000001,-1.5409879124341002,0.06845000000000004,0.7615971805599453
0.3799999999999999,-1.5372379124341002,0.07219999999999996,0.7653471805599452
0.3900000000000001,-1.5333879124341003,0.07605000000000005,0.7691971805599453
0.3999999999999999,-1.5294379124341004,0.07999999999999996,0.7731471805599452
0.41000000000000014,-1.5253879124341003,0.08405000000000006,0.7771971805599454
0.41999999999999993,-1.5212379124341002,0.08819999999999997,0.7813471805599452
0.43000000000000016,-1.5169879124341001,0.09245000000000007,0.7855971805599453
0.43999999999999995,-1.5126379124341003,0.09679999999999998,0.7899471805599453
0.4500000000000002,-1.5081879124341002,0.10125000000000008,0.7943971805599453
0.45999999999999996,-1.5036379124341004,0.10579999999999998,0.7989471805599453
0.4700000000000002,-1.4989879124341001,0.11045000000000009,0.8035971805599453
0.48,-1.4942379124341003,0.1152,0.8083471805599453
0.4900000000000002,-1.4893879124341,0.1200500000000001,0.8131971805599454
0.5,-1.4844379124341003,0.125,0.8181471805599453
0.5100000000000002,-1.4793879124341003,0.1300500000000001,0.8231971805599454
0.52,-1.4742379124341003,0.13520000000000001,0.8283471805599453
0.5300000000000002,-1.4689879124341,0.14045000000000013,0.8335971805599454
0.54,-1.4636379124341004,0.1458,0.8389471805599453
0.5500000000000003,-1.4581879124341002,0.15125000000000013,0.8443971805599454
0.56,-1.4526379124341002,0.15680000000000002,0.8499471805599453
0.5700000000000003,-1.4469879124341,0.16245000000000015,0.8555971805599454
0.5800000000000001,-1.4412379124341002,0.16820000000000004,0.8613471805599453
0.5899999999999999,-1.4353879124341002,0.17404999999999993,0.8671971805599452
0.6000000000000001,-1.4294379124341003,0.18000000000000005,0.8731471805599453
0.6099999999999999,-1.4233879124341002,0.18604999999999994,0.8791971805599452
0.6200000000000001,-1.4172379124341001,0.19220000000000007,0.8853471805599453
0.6299999999999999,-1.4109879124341003,0.19844999999999993,0.8915971805599452
0.6400000000000001,-1.4046379124341002,0.2048000000000001,0.8979471805599454
0.6499999999999999,-1.3981879124341003,0.21124999999999994,0.9043971805599452
0.6600000000000001,-1.3916379124341,0.2178000000000001,0.9109471805599454
0.6699999999999999,-1.3849879124341002,0.22444999999999996,0.9175971805599452
0.6800000000000002,-1.3782379124341002,0.2312000000000001,0.9243471805599454
0.69,-1.3713879124341004,0.23804999999999996,0.9311971805599453
0.7000000000000002,-1.3644379124341002,0.24500000000000013,0.9381471805599454
0.71,-1.3573879124341004,0.25205,0.9451971805599453
0.7200000000000002,-1.3502379124341002,0.25920000000000015,0.9523471805599455
0.73,-1.3429879124341002,0.26644999999999996,0.9595971805599453
0.7400000000000002,-1.3356379124341,0.27380000000000015,0.9669471805599454
0.75,-1.3281879124341003,0.28125,0.9743971805599453
0.7600000000000002,-1.3206379124341001,0.28880000000000017,0.9819471805599455
0.77,-1.3129879124341004,0.29645,0.9895971805599453
0.7800000000000002,-1.3052379124341,0.3042000000000002,0.9973471805599454
0.79,-1.2973879124341003,0.31205000000000005,1.0051971805599453
0.8000000000000003,-1.2894379124341,0.32000000000000023,1.0131471805599455
0.81,-1.2813879124341003,0.32805000000000006,1.0211971805599453
0.8200000000000003,-1.2732379124341,0.3362000000000002,1.0293471805599455
0.8300000000000001,-1.2649879124341004,0.34445000000000003,1.0375971805599453
0.8399999999999999,-1.2566379124341003,0.3527999999999999,1.0459471805599452
0.8500000000000001,-1.2481879124341002,0.36125000000000007,1.0543971805599455
0.8599999999999999,-1.2396379124341004,0.3697999999999999,1.062947180559945
0.8700000000000001,-1.2309879124341,0.3784500000000001,1.0715971805599454
0.8799999999999999,-1.2222379124341003,0.38719999999999993,1.0803471805599452
0.8900000000000001,-1.2133879124341003,0.3960500000000001,1.0891971805599454
0.8999999999999999,-1.2044379124341003,0.4049999999999999,1.0981471805599452
0.9100000000000001,-1.1953879124341,0.41405000000000014,1.1071971805599454
0.9199999999999999,-1.1862379124341005,0.4231999999999999,1.1163471805599452
0.9300000000000002,-1.1769879124341,0.43245000000000017,1.1255971805599454
0.94,-1.1676379124341003,0.44179999999999997,1.1349471805599451
0.9500000000000002,-1.1581879124341001,0.45125000000000015,1.1443971805599453
0.96,-1.1486379124341002,0.4608,1.1539471805599453
0.9700000000000002,-1.1389879124341,0.4704500000000002,1.1635971805599454
0.98,-1.1292379124341003,0.48019999999999996,1.1733471805599454
0.9900000000000002,-1.1193879124341,0.4900500000000002,1.1831971805599455
1.0,-1.1094379124341003,0.5,1.1931471805599454
1.0099999999999998,-1.0993879124341004,0.5100499999999998,1.203197180559945
1.0200000000000005,-1.0892379124340998,0.5202000000000004,1.2133471805599458
1.0300000000000002,-1.0789879124341,0.5304500000000003,1.2235971805599455
1.04,-1.0686379124341001,0.5408000000000001,1.2339471805599453
1.0499999999999998,-1.0581879124341005,0.5512499999999998,1.244397180559945
1.0600000000000005,-1.0476379124340998,0.5618000000000005,1.2549471805599457
1.0700000000000003,-1.0369879124341,0.5724500000000003,1.2655971805599457
1.08,-1.0262379124341003,0.5832,1.2763471805599453
1.0899999999999999,-1.0153879124341003,0.5940499999999999,1.2871971805599451
1.0999999999999996,-1.0044379124341005,0.6049999999999996,1.298147180559945
1.1100000000000003,-0.9933879124341,0.6160500000000003,1.3091971805599456
1.12,-0.9822379124341002,0.6272000000000001,1.3203471805599454
1.13,-0.9709879124341004,0.6384499999999999,1.3315971805599451
1.1399999999999997,-0.9596379124341007,0.6497999999999996,1.3429471805599449
1.1500000000000004,-0.9481879124340998,0.6612500000000004,1.3543971805599457
1.1600000000000001,-0.9366379124341001,0.6728000000000002,1.3659471805599455
1.17,-0.9249879124341004,0.6844499999999999,1.3775971805599452
1.1799999999999997,-0.9132379124341006,0.6961999999999997,1.389347180559945
1.1900000000000004,-0.9013879124340998,0.7080500000000005,1.401197180559946
1.2000000000000002,-0.8894379124341001,0.7200000000000002,1.4131471805599456
1.21,-0.8773879124341003,0.73205,1.4251971805599453
1.2199999999999998,-0.8652379124341005,0.7441999999999998,1.4373471805599451
1.2300000000000004,-0.8529879124340998,0.7564500000000005,1.449597180559946
1.2400000000000002,-0.8406379124341,0.7688000000000003,1.4619471805599455
1.25,-0.8281879124341003,0.78125,1.4743971805599454
1.2599999999999998,-0.8156379124341006,0.7937999999999997,1.486947180559945
1.2700000000000005,-0.8029879124340997,0.8064500000000006,1.4995971805599457
1.2800000000000002,-0.7902379124340999,0.8192000000000004,1.5123471805599458
1.29,-0.7773879124341002,0.8320500000000001,1.5251971805599454
1.2999999999999998,-0.7644379124341005,0.8449999999999998,1.5381471805599451
1.3100000000000005,-0.7513879124340996,0.8580500000000006,1.5511971805599458
1.3200000000000003,-0.7382379124340999,0.8712000000000004,1.5643471805599458
1.33,-0.7249879124341002,0.8844500000000001,1.5775971805599454
1.3399999999999999,-0.7116379124341005,0.8977999999999998,1.590947180559945
1.3500000000000005,-0.6981879124340996,0.9112500000000007,1.604397180559946
1.3600000000000003,-0.6846379124340999,0.9248000000000004,1.6179471805599457
1.37,-0.6709879124341002,0.9384500000000001,1.6315971805599454
1.38,-0.6572379124341005,0.9521999999999998,1.645347180559945
1.3899999999999997,-0.6433879124341008,0.9660499999999995,1.6591971805599448
1.4000000000000004,-0.6294379124340997,0.9800000000000005,1.6731471805599458
1.4100000000000001,-0.6153879124341001,0.9940500000000002,1.6871971805599455
1.42,-0.6012379124341003,1.0082,1.7013471805599454
1.4299999999999997,-0.5869879124341006,1.0224499999999996,1.715597180559945
1.4400000000000004,-0.5726379124340997,1.0368000000000006,1.7299471805599458
1.4500000000000002,-0.5581879124341,1.0512500000000002,1.7443971805599454
1.46,-0.5436379124341004,1.0657999999999999,1.7589471805599453
1.4699999999999998,-0.5289879124341006,1.0804499999999997,1.7735971805599449
1.4800000000000004,-0.5142379124340997,1.0952000000000006,1.788347180559946
1.4900000000000002,-0.49938791243409986,1.1100500000000004,1.8031971805599456
1.5,-0.4844379124341003,1.125,1.8181471805599454
1.5099999999999998,-0.4693879124341005,1.1400499999999998,1.833197180559945
1.5200000000000005,-0.4542379124340996,1.1552000000000007,1.848347180559946
1.5300000000000002,-0.43898791243409985,1.1704500000000004,1.8635971805599456
1.54,-0.4236379124341003,1.1858,1.8789471805599454
1.5499999999999998,-0.4081879124341006,1.2012499999999997,1.8943971805599449
1.5600000000000005,-0.3926379124340995,1.2168000000000008,1.909947180559946
1.5700000000000003,-0.3769879124340998,1.2324500000000005,1.9255971805599459
1.58,-0.3612379124341001,1.2482000000000002,1.9413471805599456
1.5899999999999999,-0.3453879124341006,1.2640499999999997,1.957197180559945
1.6000000000000005,-0.32943791243409937,1.280000000000001,1.973147180559946
1.6100000000000003,-0.3133879124340997,1.2960500000000006,1.989197180559946
1.62,-0.2972379124341,1.3122000000000003,2.0053471805599457
1.63,-0.2809879124341004,1.32845,2.021597180559945
1.6399999999999997,-0.26463791243410073,1.3447999999999996,2.0379471805599447
1.6500000000000004,-0.24818791243409977,1.3612500000000005,2.054397180559946
1.6600000000000001,-0.23163791243410015,1.3778000000000001,2.0709471805599455
1.67,-0.21498791243410031,1.39445,2.0875971805599454
1.6799999999999997,-0.19823791243410072,1.4111999999999996,2.104347180559945
1.6900000000000004,-0.18138791243409957,1.4280500000000007,2.121197180559946
1.7000000000000002,-0.1644379124341,1.4450000000000003,2.1381471805599457
1.71,-0.14738791243410043,1.4620499999999998,2.155197180559945
1.7199999999999998,-0.13023791243410066,1.4791999999999996,2.172347180559945
1.7300000000000004,-0.11298791243409956,1.4964500000000007,2.189597180559946
1.7400000000000002,-0.0956379124340998,1.5138000000000005,2.2069471805599457
1.75,-0.07818791243410028,1.53125,2.2243971805599454
1.7599999999999998,-0.06063791243410055,1.5487999999999997,2.241947180559945
1.7700000000000005,-0.042987912434099496,1.5664500000000008,2.259597180559946
1.7800000000000002,-0.025237912434099785,1.5842000000000005,2.277347180559946
1.79,-0.007387912434100308,1.60205,2.295197180559945
1.7999999999999998,0.01056208756589938,1.6199999999999997,2.313147180559945
1.8100000000000005,0.028612087565900612,1.638050000000001,2.331197180559946
1.8200000000000003,0.04676208756590028,1.6562000000000006,2.349347180559946
1.83,0.06501208756589993,1.6744500000000002,2.3675971805599456
1.8399999999999999,0.08336208756589936,1.6927999999999996,2.385947180559945
1.8500000000000005,0.10181208756590077,1.711250000000001,2.4043971805599464
1.8600000000000003,0.12036208756590039,1.7298000000000007,2.422947180559946
1.87,0.1390120875659,1.7484500000000003,2.4415971805599455
1.88,0.1577620875658996,1.7671999999999999,2.4603471805599453
1.8899999999999997,0.1766120875658992,1.7860499999999995,2.479197180559945
1.9000000000000004,0.19556208756590032,1.8050000000000006,2.498147180559946
1.9100000000000001,0.2146120875658999,1.8240500000000002,2.5171971805599456
1.92,0.23376208756589967,1.8432,2.5363471805599453
1.9299999999999997,0.2530120875658992,1.8624499999999995,2.555597180559945
1.9400000000000004,0.2723620875659005,1.8818000000000008,2.574947180559946
1.9500000000000002,0.29181208756590005,1.9012500000000003,2.5943971805599455
1.96,0.31136208756589956,1.9207999999999998,2.6139471805599452
1.9699999999999998,0.3310120875658993,1.9404499999999996,2.6335971805599447
1.9800000000000004,0.35076208756590055,1.9602000000000008,2.6533471805599462
1.9900000000000002,0.37061208756590025,1.9800500000000005,2.6731971805599457
2.0,0.3905620875658997,2.0,2.6931471805599454
2.01,0.4106120875658992,2.0200499999999995,2.713197180559945
2.0200000000000005,0.4307620875659006,2.040200000000001,2.7333471805599463
2.0300000000000002,0.45101208756590005,2.0604500000000003,2.7535971805599457
2.04,0.4713620875658997,2.0808,2.7739471805599454
2.05,0.49181208756589956,2.10125,2.7943971805599452
2.0600000000000005,0.512362087565901,2.1218000000000012,2.8149471805599466
2.0700000000000003,0.5330120875659003,2.1424500000000006,2.835597180559946
2.08,0.5537620875659,2.1632000000000002,2.8563471805599456
2.09,0.5746120875658993,2.1840499999999996,2.877197180559945
2.1000000000000005,0.5955620875659007,2.205000000000001,2.8981471805599464
2.1100000000000003,0.6166120875659005,2.2260500000000008,2.919197180559946
2.12,0.6377620875659,2.2472000000000003,2.9403471805599457
2.13,0.6590120875658994,2.2684499999999996,2.961597180559945
2.1399999999999997,0.6803620875658989,2.289799999999999,2.9829471805599446
2.1500000000000004,0.7018120875659004,2.3112500000000007,3.004397180559946
2.16,0.7233620875658999,2.3328,3.0259471805599456
2.17,0.7450120875658996,2.35445,3.0475971805599453
2.1799999999999997,0.7667620875658991,2.3761999999999994,3.069347180559945
2.1900000000000004,0.7886120875659006,2.398050000000001,3.0911971805599463
2.2,0.8105620875659001,2.4200000000000004,3.1131471805599458
2.21,0.8326120875658998,2.44205,3.1351971805599455
2.2199999999999998,0.8547620875658992,2.4641999999999995,3.157347180559945
2.2300000000000004,0.8770120875659007,2.486450000000001,3.1795971805599463
2.24,0.8993620875659001,2.5088000000000004,3.2019471805599458
2.25,0.9218120875658997,2.53125,3.2243971805599454
2.26,0.9443620875658991,2.5537999999999994,3.246947180559945
2.2700000000000005,0.967012087565901,2.5764500000000012,3.2695971805599466
2.2800000000000002,0.9897620875659003,2.5992000000000006,3.292347180559946
2.29,1.0126120875659,2.62205,3.3151971805599456
2.3,1.0355620875658993,2.6449999999999996,3.338147180559945
2.3100000000000005,1.058612087565901,2.6680500000000014,3.3611971805599468
2.3200000000000003,1.0817620875659004,2.6912000000000007,3.384347180559946
2.33,1.1050120875659,2.7144500000000003,3.4075971805599456
2.34,1.1283620875658993,2.7377999999999996,3.430947180559945
2.3500000000000005,1.151812087565901,2.7612500000000013,3.4543971805599467
2.3600000000000003,1.1753620875659003,2.7848000000000006,3.477947180559946
2.37,1.1990120875658998,2.80845,3.5015971805599455
2.38,1.2227620875658995,2.8322,3.5253471805599452
2.3899999999999997,1.246612087565899,2.8560499999999993,3.5491971805599447
2.4000000000000004,1.2705620875659005,2.880000000000001,3.573147180559946
2.41,1.2946120875659,2.9040500000000002,3.5971971805599456
2.42,1.3187620875658996,2.9282,3.6213471805599453
2.4299999999999997,1.343012087565899,2.9524499999999994,3.6455971805599447
2.4400000000000004,1.3673620875659005,2.976800000000001,3.669947180559946
2.45,1.3918120875659004,3.0012500000000006,3.694397180559946
2.46,1.4163620875658995,3.0258,3.718947180559945
2.4699999999999998,1.441012087565899,3.050449999999999,3.7435971805599446
2.4800000000000004,1.4657620875659008,3.075200000000001,3.7683471805599464
2.49,1.4906120875659001,3.1000500000000004,3.793197180559946
2.5,1.5155620875658997,3.125,3.8181471805599454
2.51,1.540612087565899,3.1500499999999994,3.8431971805599447
2.5200000000000005,1.5657620875659009,3.175200000000001,3.8683471805599465
2.5300000000000002,1.5910120875659002,3.2004500000000005,3.893597180559946
2.54,1.6163620875658997,3.2258,3.9189471805599454
2.55,1.6418120875658995,3.2512499999999998,3.944397180559945
2.5600000000000005,1.6673620875659012,3.2768000000000015,3.969947180559947
2.5700000000000003,1.6930120875659005,3.3024500000000008,3.995597180559946
2.58,1.7187620875659,3.3282000000000003,4.021347180559945
2.59,1.7446120875658992,3.3540499999999995,4.0471971805599445
2.6000000000000005,1.770562087565901,3.3800000000000012,4.073147180559946
2.6100000000000003,1.7966120875659006,3.406050000000001,4.099197180559946
2.62,1.8227620875659,3.4322000000000004,4.125347180559945
2.63,1.8490120875658993,3.4584499999999996,4.1515971805599445
2.6399999999999997,1.8753620875658987,3.484799999999999,4.177947180559944
2.6500000000000004,1.9018120875659006,3.511250000000001,4.204397180559946
2.66,1.9283620875659,3.5378000000000003,4.230947180559945
2.67,1.9550120875658996,3.56445,4.257597180559945
2.6799999999999997,1.981762087565899,3.5911999999999993,4.284347180559944
2.6900000000000004,2.0086120875659006,3.618050000000001,4.3111971805599465
2.7,2.0355620875659,3.6450000000000005,4.338147180559946
2.71,2.0626120875659,3.67205,4.365197180559945
2.7199999999999998,2.089762087565899,3.6991999999999994,4.392347180559945
2.7300000000000004,2.117012087565901,3.726450000000001,4.419597180559946
2.74,2.1443620875659004,3.7538000000000005,4.446947180559945
2.75,2.1718120875658995,3.78125,4.474397180559945
2.76,2.1993620875658992,3.8087999999999993,4.501947180559944
2.7700000000000005,2.2270120875659014,3.8364500000000015,4.529597180559946
2.7800000000000002,2.2547620875659007,3.8642000000000007,4.557347180559946
2.79,2.2826120875658997,3.8920500000000002,4.585197180559946
2.8,2.3105620875658994,3.9199999999999995,4.613147180559944
2.8100000000000005,2.3386120875659016,3.9480500000000016,4.641197180559947
2.8200000000000003,2.366762087565901,3.976200000000001,4.669347180559946
2.83,2.3950120875659,4.00445,4.697597180559946
2.84,2.4233620875658994,4.0328,4.725947180559945
2.8500000000000005,2.4518120875659006,4.061250000000001,4.7543971805599465
2.8600000000000003,2.4803620875659007,4.089800000000001,4.782947180559947
2.87,2.5090120875658997,4.11845,4.811597180559946
2.88,2.5377620875658993,4.1472,4.840347180559945
2.8899999999999997,2.5666120875658986,4.176049999999999,4.8691971805599445
2.9000000000000004,2.5955620875659005,4.205000000000001,4.898147180559946
2.91,2.6246120875659003,4.234050000000001,4.927197180559946
2.92,2.653762087565899,4.263199999999999,4.956347180559945
2.9299999999999997,2.6830120875658983,4.292449999999999,4.985597180559944
2.9400000000000004,2.712362087565901,4.321800000000001,5.014947180559947
2.95,2.7418120875659,4.35125,5.044397180559946
2.96,2.7713620875658993,4.3808,5.073947180559945
2.9699999999999998,2.8010120875658986,4.410449999999999,5.1035971805599445
2.9800000000000004,2.830762087565901,4.440200000000002,5.133347180559947
2.99,2.8606120875659,4.4700500000000005,5.163197180559946
3.0,2.8905620875658995,4.5,5.193147180559945
