rotation,epoch,train_loss,validation_loss,is_best,epochs_without_improvement
0,0,,7.665611743927002,True,0
0,1,3.943128108978272,7.386845588684082,True,0
0,2,3.6931772232055664,7.458921909332275,False,1
0,3,3.681860685348511,7.623849868774414,False,2
0,4,3.703871011734009,7.712811470031738,False,3
0,5,3.698132514953613,7.703604698181152,False,4
0,6,3.671332597732544,7.621706962585449,False,5
0,7,3.649647235870361,7.510500431060791,False,6
0,8,3.646619319915772,7.440584182739258,False,7
0,9,3.648804187774658,7.418078422546387,False,8
0,10,3.647589445114136,7.43048095703125,False,9
0,11,3.6401100158691406,7.461181640625,False,10
0,12,3.630228996276856,7.50670576095581,False,11
0,13,3.625598669052124,7.5439772605896,False,12
1,0,,8.403168678283691,True,0
1,1,4.675194263458252,8.539172172546387,False,1
1,2,4.640964349110921,8.33612060546875,True,0
1,3,4.624460697174072,8.217283248901367,True,0
1,4,4.623213291168213,8.215381622314453,True,0
1,5,4.607839425404866,8.218835830688477,False,1
1,6,4.607982794443767,8.16473388671875,True,0
1,7,4.601870854695638,8.17760944366455,False,1
1,8,4.59490950902303,8.211888313293457,False,2
1,9,4.586512724558513,8.20605754852295,False,3
1,10,4.590182463328044,8.229758262634277,False,4
1,11,4.584092617034912,8.194828987121582,False,5
1,12,4.571374893188477,8.19164752960205,False,6
1,13,4.56822411219279,8.184160232543945,False,7
1,14,4.56126054128011,8.182952880859375,False,8
1,15,4.56124210357666,8.164259910583496,True,0
1,16,4.551289876302083,8.201570510864258,False,1
1,17,4.553120136260986,8.149003028869629,True,0
1,18,4.542633374532064,8.147056579589844,True,0
1,19,4.543004512786865,8.149020195007324,False,1
1,20,4.537450949350993,8.128204345703125,True,0
1,21,4.5422102610270185,8.131393432617188,False,1
1,22,4.524828592936198,8.145565032958984,False,2
1,23,4.520829995473226,8.12335205078125,True,0
1,24,4.522274971008301,8.126850128173828,False,1
1,25,4.518888632456462,8.14141845703125,False,2
1,26,4.509913603464763,8.107009887695312,True,0
1,27,4.509737332661946,8.088417053222656,True,0
1,28,4.497950394948323,8.113146781921387,False,1
1,29,4.4977312088012695,8.09703540802002,False,2
1,30,4.493194103240967,8.093378067016602,False,3
1,31,4.492553075154622,8.078338623046875,True,0
1,32,4.482631047566732,8.079018592834473,False,1
1,33,4.482048670450847,8.087017059326172,False,2
1,34,4.474164644877116,8.091683387756348,False,3
1,35,4.47391430536906,8.040741920471191,True,0
1,36,4.468555927276611,8.05142593383789,False,1
1,37,4.464811325073242,8.059191703796387,False,2
1,38,4.4580763181050616,8.047386169433594,False,3
1,39,4.45906416575114,8.009745597839355,True,0
1,40,4.455890814463298,8.002772331237793,True,0
1,41,4.449423948923747,8.040803909301758,False,1
1,42,4.450474103291829,8.001080513000488,True,0
1,43,4.441797733306885,7.980907917022705,True,0
1,44,4.434995333353679,8.00427532196045,False,1
1,45,4.4418942133585615,7.993480205535889,False,2
1,46,4.42312494913737,7.970771789550781,True,0
1,47,4.424140453338623,7.9731364250183105,False,1
1,48,4.419262886047363,7.983296871185303,False,2
1,49,4.418771743774414,7.937089443206787,True,0
1,50,4.411624749501546,7.963069438934326,False,1
1,51,4.404102325439453,7.966018676757812,False,2
1,52,4.40694793065389,7.95650053024292,False,3
1,53,4.399932543436687,7.9169487953186035,True,0
1,54,4.39530102411906,7.959164619445801,False,1
1,55,4.386580308278401,7.930941104888916,False,2
1,56,4.388564427693685,7.896162986755371,True,0
1,57,4.374587535858154,7.908935546875,False,1
1,58,4.380416552225749,7.899351596832275,False,2
1,59,4.368781566619873,7.9203643798828125,False,3
1,60,4.367710113525391,7.893965244293213,True,0
1,61,4.36762285232544,7.881955623626709,True,0
1,62,4.360656261444092,7.898414611816406,False,1
1,63,4.354734102884929,7.882681369781494,False,2
1,64,4.357987403869629,7.864641189575195,True,0
1,65,4.349656422932942,7.856431484222412,True,0
1,66,4.345431963602702,7.873672008514404,False,1
1,67,4.336142857869466,7.851333141326904,True,0
1,68,4.336568673451741,7.859302997589111,False,1
1,69,4.337903658548991,7.842594623565674,True,0
1,70,4.33073886235555,7.825866222381592,True,0
1,71,4.323670228322347,7.832322120666504,False,1
1,72,4.331761519114177,7.81348705291748,True,0
1,73,4.32098658879598,7.839317798614502,False,1
1,74,4.315167268117269,7.820326328277588,False,2
1,75,4.306866645812988,7.797908782958984,True,0
1,76,4.305131753285726,7.806903839111328,False,1
1,77,4.294288794199626,7.779852390289307,True,0
1,78,4.297928015391032,7.760633945465088,True,0
1,79,4.294151624043782,7.755157470703125,True,0
1,80,4.2839202880859375,7.7676873207092285,False,1
1,81,4.277549107869466,7.784946441650391,False,2
1,82,4.279813448588054,7.754935264587402,True,0
1,83,4.274670759836833,7.716677188873291,True,0
1,84,4.271589597066243,7.738889217376709,False,1
1,85,4.270323594411214,7.728917121887207,False,2
1,86,4.266161918640137,7.723530292510986,False,3
1,87,4.264512221018474,7.748583316802978,False,4
1,88,4.258092721303304,7.723642826080322,False,5
1,89,4.251156489054362,7.686436653137207,True,0
1,90,4.250143686930339,7.674755573272705,True,0
1,91,4.241838773091634,7.705175399780273,False,1
1,92,4.247885545094808,7.684041023254394,False,2
1,93,4.2383443514506025,7.681755542755127,False,3
1,94,4.232372919718425,7.659902095794678,True,0
1,95,4.234976132710774,7.654795169830322,True,0
1,96,4.225360075632731,7.645878314971924,True,0
1,97,4.225866317749023,7.669687747955322,False,1
1,98,4.217069943745931,7.628904819488525,True,0
1,99,4.217206319173177,7.626890659332275,True,0
1,100,4.213460127512614,7.633045196533203,False,1
1,101,4.212209224700928,7.65620756149292,False,2
1,102,4.20659605662028,7.618034839630127,True,0
1,103,4.2066264152526855,7.615162372589111,True,0
1,104,4.194379647572835,7.570616245269775,True,0
1,105,4.196947733561198,7.558329105377197,True,0
1,106,4.191820621490479,7.590659141540527,False,1
1,107,4.188355763753255,7.580784320831299,False,2
1,108,4.181181112925212,7.584675788879394,False,3
1,109,4.1890889803568525,7.5795440673828125,False,4
1,110,4.178058465321858,7.562868595123291,False,5
1,111,4.169289429982503,7.540382385253906,True,0
1,112,4.165276845296224,7.546940326690674,False,1
1,113,4.16410493850708,7.536253929138184,True,0
1,114,4.151329120000203,7.533910274505615,True,0
1,115,4.162533601125081,7.511455059051514,True,0
1,116,4.1587090492248535,7.540189743041992,False,1
1,117,4.146024068196614,7.516316413879394,False,2
1,118,4.146842320760091,7.513980865478516,False,3
1,119,4.14287535349528,7.521713733673096,False,4
1,120,4.136101722717285,7.476471424102783,True,0
1,121,4.133161544799805,7.492029190063477,False,1
1,122,4.133342425028483,7.494592189788818,False,2
1,123,4.126784960428874,7.5033440589904785,False,3
1,124,4.1261833508809405,7.477508544921875,False,4
1,125,4.12486743927002,7.461391448974609,True,0
1,126,4.123631795247396,7.456007957458496,True,0
1,127,4.109382629394531,7.4529547691345215,True,0
1,128,4.109442075093587,7.453059673309326,False,1
1,129,4.106645107269287,7.46245813369751,False,2
1,130,4.094981988271077,7.438318252563477,True,0
1,131,4.104658444722493,7.439675807952881,False,1
1,132,4.10387126604716,7.456103801727295,False,2
1,133,4.091582457224528,7.427640914916992,True,0
1,134,4.086405436197917,7.421499729156494,True,0
1,135,4.080520550409953,7.429026126861572,False,1
1,136,4.083625475565593,7.416569232940674,True,0
1,137,4.083632707595825,7.400691986083984,True,0
1,138,4.073765675226848,7.410984516143799,False,1
1,139,4.079000155131022,7.404294490814209,False,2
1,140,4.072223901748657,7.388750553131103,True,0
1,141,4.0714231332143145,7.409167289733887,False,1
1,142,4.062608242034912,7.412489414215088,False,2
1,143,4.060474554697673,7.357528209686279,True,0
1,144,4.059179623921712,7.351027488708496,True,0
1,145,4.049573421478272,7.374580383300781,False,1
1,146,4.048409541447957,7.371227264404297,False,2
1,147,4.040006240208943,7.347721576690674,True,0
1,148,4.0435787836710615,7.347246646881103,True,0
1,149,4.0377200444539385,7.362579345703125,False,1
1,150,4.04130752881368,7.3335280418396,True,0
1,151,4.035845756530762,7.351343154907227,False,1
1,152,4.029031594594319,7.35109806060791,False,2
1,153,4.026767094930013,7.318145751953125,True,0
1,154,4.025155067443848,7.305896759033203,True,0
1,155,4.014370044072469,7.296016216278076,True,0
1,156,4.017295519510905,7.316211223602295,False,1
1,157,4.015999476114909,7.318869113922119,False,2
1,158,4.014124393463135,7.310120105743408,False,3
1,159,4.011835257212321,7.255960941314697,True,0
1,160,4.01104195912679,7.287774562835693,False,1
1,161,3.999382654825846,7.303285121917725,False,2
1,162,4.001272519429524,7.278782367706299,False,3
1,163,4.002221902211507,7.262808322906494,False,4
1,164,3.990115563074748,7.264003753662109,False,5
1,165,3.9882381757100425,7.267224311828613,False,6
1,166,3.996051788330078,7.249793529510498,True,0
1,167,3.988739728927612,7.261480331420898,False,1
1,168,3.984999338785807,7.235649108886719,True,0
1,169,3.98413364092509,7.269256114959717,False,1
1,170,3.979625701904297,7.240267753601074,False,2
1,171,3.976554791132609,7.22510814666748,True,0
1,172,3.967952728271485,7.2296462059021,False,1
1,173,3.963001092274984,7.214912414550781,True,0
1,174,3.968470573425293,7.201713562011719,True,0
1,175,3.959850231806437,7.225821018218994,False,1
1,176,3.957769234975179,7.201991081237793,False,2
1,177,3.959145943323771,7.191949367523193,True,0
1,178,3.961336692174276,7.180421352386475,True,0
1,179,3.951798836390177,7.167537689208984,True,0
1,180,3.9487945238749194,7.182375431060791,False,1
1,181,3.950257380803426,7.194508075714111,False,2
1,182,3.9442741870880127,7.193760871887207,False,3
1,183,3.954672336578369,7.158098220825195,True,0
1,184,3.9416724840799966,7.149458408355713,True,0
1,185,3.936169703801473,7.165679931640625,False,1
1,186,3.92984938621521,7.153931617736816,False,2
1,187,3.9407169024149575,7.130945205688477,True,0
1,188,3.931183656056722,7.147208690643311,False,1
1,189,3.9283791383107514,7.128602504730225,True,0
1,190,3.92744509379069,7.143457889556885,False,1
1,191,3.9261221885681152,7.1146674156188965,True,0
1,192,3.922423760096232,7.1612868309021,False,1
1,193,3.914879401524862,7.126291751861572,False,2
1,194,3.9146262804667153,7.110189437866211,True,0
1,195,3.918466885884603,7.112603664398193,False,1
1,196,3.913795073827108,7.1182541847229,False,2
1,197,3.913992404937744,7.091459274291992,True,0
1,198,3.9106194972991934,7.09102201461792,True,0
1,199,3.908596992492676,7.1074700355529785,False,1
1,200,3.903735717137655,7.096915721893311,False,2
1,201,3.899704853693644,7.0680742263793945,True,0
1,202,3.892042954762777,7.096022605895996,False,1
1,203,3.8925586541493735,7.085180282592773,False,2
1,204,3.8913091818491616,7.058421611785889,True,0
1,205,3.893599589665731,7.072731018066406,False,1
1,206,3.890411933263143,7.048575878143311,True,0
1,207,3.884065310160319,7.060048580169678,False,1
1,208,3.882274786631266,7.066309452056885,False,2
1,209,3.8835896650950112,7.065056800842285,False,3
1,210,3.8814992904663086,7.041403293609619,True,0
1,211,3.878139972686768,7.010424137115479,True,0
1,212,3.879270156224569,7.056212902069092,False,1
1,213,3.872212807337443,7.071558475494385,False,2
1,214,3.877147674560547,7.023393154144287,False,3
1,215,3.867704153060913,7.012264251708984,False,4
1,216,3.8621800740559897,7.023573398590088,False,5
1,217,3.8642189502716064,7.044357299804688,False,6
1,218,3.862959861755371,7.021217346191406,False,7
1,219,3.865630706151327,7.029303550720215,False,8
1,220,3.8591420650482178,6.984793663024902,True,0
1,221,3.8526296615600586,6.986146450042725,False,1
1,222,3.853755156199137,6.989981174468994,False,2
1,223,3.846325476964315,6.996304988861084,False,3
1,224,3.8469305833180742,6.992143154144287,False,4
1,225,3.846780856450399,7.010704517364502,False,5
1,226,3.845713615417481,6.955935001373291,True,0
1,227,3.8477067152659097,6.932438373565674,True,0
1,228,3.839735190073649,6.965234756469727,False,1
1,229,3.8359525203704834,6.959729671478272,False,2
1,230,3.839327732721965,6.942838191986084,False,3
1,231,3.83283281326294,6.936614990234375,False,4
1,232,3.829065799713135,6.949388980865479,False,5
1,233,3.837313413619995,6.934324741363525,False,6
1,234,3.829032023747762,6.912545204162598,True,0
1,235,3.825852711995443,6.939923286437988,False,1
1,236,3.827742973963419,6.891100883483887,True,0
1,237,3.818333148956299,6.910760879516602,False,1
1,238,3.822139422098795,6.921162128448486,False,2
1,239,3.825237194697062,6.921029567718506,False,3
1,240,3.814008951187134,6.913017272949219,False,4
1,241,3.82017970085144,6.879902362823486,True,0
1,242,3.812377293904623,6.889302730560303,False,1
1,243,3.810523827870687,6.902280807495117,False,2
1,244,3.807015419006348,6.89457893371582,False,3
1,245,3.8070953687032074,6.884989261627197,False,4
1,246,3.801336129506429,6.8557562828063965,True,0
1,247,3.805441697438558,6.863407611846924,False,1
1,248,3.7915985584259033,6.874068260192871,False,2
1,249,3.7965826193491616,6.844549655914307,True,0
1,250,3.7990920543670654,6.84966516494751,False,1
1,251,3.786373694737752,6.854805946350098,False,2
1,252,3.790677150090536,6.829535961151123,True,0
1,253,3.78925371170044,6.853672027587891,False,1
1,254,3.782716194788615,6.831114292144775,False,2
1,255,3.782533566157023,6.830745220184326,False,3
1,256,3.7810237407684326,6.810147285461426,True,0
1,257,3.778085629145304,6.823088645935059,False,1
1,258,3.775011936823527,6.815252780914307,False,2
1,259,3.7735884189605713,6.814241886138916,False,3
1,260,3.76798415184021,6.803945064544678,True,0
1,261,3.7630788485209146,6.782360553741455,True,0
1,262,3.7629472414652505,6.80217981338501,False,1
1,263,3.775408983230591,6.784818172454834,False,2
1,264,3.75960636138916,6.767242431640625,True,0
1,265,3.7631466388702393,6.786896705627441,False,1
1,266,3.760807991027832,6.781111717224121,False,2
1,267,3.7584577401479087,6.753572463989258,True,0
1,268,3.753675619761149,6.766321182250977,False,1
1,269,3.75463350613912,6.750370502471924,True,0
1,270,3.757443189620972,6.756294250488281,False,1
1,271,3.753402551015218,6.75639533996582,False,2
1,272,3.742794831593832,6.740567684173584,True,0
1,273,3.743810653686523,6.715625286102295,True,0
1,274,3.7481091022491455,6.739853382110596,False,1
1,275,3.736160119374593,6.741101741790772,False,2
1,276,3.740736405054728,6.6775383949279785,True,0
1,277,3.735971212387085,6.710571765899658,False,1
1,278,3.734972715377808,6.718966007232666,False,2
1,279,3.73490571975708,6.696924686431885,False,3
1,280,3.7299628257751465,6.713342666625977,False,4
1,281,3.729310671488444,6.677878856658936,False,5
1,282,3.725781520207723,6.647003650665283,True,0
1,283,3.7244892915089927,6.682772636413574,False,1
1,284,3.723612467447917,6.688137531280518,False,2
1,285,3.71841033299764,6.662823677062988,False,3
1,286,3.7244836489359536,6.684998989105225,False,4
1,287,3.722402016321818,6.64759635925293,False,5
1,288,3.712990601857504,6.630923271179199,True,0
1,289,3.7138822873433432,6.6276445388793945,True,0
1,290,3.70797061920166,6.634415626525879,False,1
1,291,3.70694104830424,6.649109840393066,False,2
1,292,3.700181245803833,6.607440948486328,True,0
1,293,3.699350674947103,6.648311138153076,False,1
1,294,3.695986827214559,6.639536380767822,False,2
1,295,3.692664384841919,6.584186553955078,True,0
1,296,3.692055622736613,6.622454643249512,False,1
1,297,3.691373348236084,6.567881107330322,True,0
1,298,3.687440872192383,6.581362247467041,False,1
1,299,3.688273270924886,6.593855381011963,False,2
1,300,3.691697597503662,6.556388378143311,True,0
1,301,3.678370714187622,6.566263198852539,False,1
1,302,3.679060300191244,6.572784423828125,False,2
1,303,3.674825668334961,6.557657241821289,False,3
1,304,3.6719369093577066,6.5350542068481445,True,0
1,305,3.673336346944173,6.560531139373779,False,1
1,306,3.66388734181722,6.51986837387085,True,0
1,307,3.6598583857218414,6.518576622009277,True,0
1,308,3.660622994105021,6.540046215057373,False,1
1,309,3.660356918970744,6.528719902038574,False,2
1,310,3.656999190648397,6.480389595031738,True,0
1,311,3.6529650688171382,6.4955735206604,False,1
1,312,3.651907444000244,6.510543823242188,False,2
1,313,3.652158498764038,6.480179786682129,True,0
1,314,3.6517181396484375,6.470830917358398,True,0
1,315,3.643518845240275,6.485149383544922,False,1
1,316,3.633530537287394,6.466930389404297,True,0
1,317,3.640234390894572,6.44282865524292,True,0
1,318,3.634764432907105,6.464451313018799,False,1
1,319,3.632084051767985,6.443413257598877,False,2
1,320,3.629415988922119,6.459354877471924,False,3
1,321,3.620699485143026,6.425574779510498,True,0
1,322,3.623245398203532,6.429688930511475,False,1
1,323,3.621011177698771,6.42113208770752,True,0
1,324,3.61482834815979,6.412712574005127,True,0
1,325,3.6095801989237466,6.42305326461792,False,1
1,326,3.6155287424723306,6.386313438415527,True,0
1,327,3.605322440465292,6.398434638977051,False,1
1,328,3.602605978647868,6.388365268707275,False,2
1,329,3.5992189248402915,6.384293556213379,True,0
1,330,3.592618703842163,6.388775825500488,False,1
1,331,3.5943960348765054,6.353995323181152,True,0
1,332,3.5897010962168374,6.3766865730285645,False,1
1,333,3.586690664291382,6.329977512359619,True,0
1,334,3.586369593938192,6.359676837921143,False,1
1,335,3.5769542853037515,6.332668781280518,False,2
1,336,3.576164960861206,6.324410438537598,True,0
1,337,3.5737972259521484,6.333254814147949,False,1
1,338,3.5761070251464844,6.346304416656494,False,2
1,339,3.570789655049642,6.304822444915772,True,0
1,340,3.5732154051462808,6.281742095947266,True,0
1,341,3.556765635808309,6.298583030700684,False,1
1,342,3.556607643763224,6.276782989501953,True,0
1,343,3.5460362434387207,6.287562370300293,False,1
1,344,3.546924670537313,6.273685455322266,True,0
1,345,3.547065178553263,6.252750396728516,True,0
1,346,3.539625803629557,6.29249906539917,False,1
1,347,3.536304155985514,6.227089881896973,True,0
1,348,3.5305141607920327,6.25445032119751,False,1
1,349,3.5341975688934326,6.246379852294922,False,2
1,350,3.527195453643799,6.238925933837891,False,3
1,351,3.518420378367106,6.209381103515625,True,0
1,352,3.5193299452463784,6.206051826477051,True,0
1,353,3.515892585118612,6.231416702270508,False,1
1,354,3.5121729373931885,6.186019420623779,True,0
1,355,3.5060534477233887,6.168968200683594,True,0
1,356,3.506826877593994,6.220569133758545,False,1
1,357,3.502914031346639,6.15189790725708,True,0
1,358,3.4902988274892173,6.169778347015381,False,1
1,359,3.486637274424235,6.146663188934326,True,0
1,360,3.489189942677816,6.160065174102783,False,1
1,361,3.48025910059611,6.147632122039795,False,2
1,362,3.482102473576864,6.093202114105225,True,0
1,363,3.4716318448384604,6.118877410888672,False,1
1,364,3.4694533348083496,6.108132839202881,False,2
1,365,3.473806460698446,6.090738773345947,True,0
1,366,3.468246459960937,6.0893073081970215,True,0
1,367,3.4664206504821777,6.076185703277588,True,0
1,368,3.456239382425944,6.070291519165039,True,0
1,369,3.45595383644104,6.082786560058594,False,1
1,370,3.444175720214844,6.039671897888184,True,0
1,371,3.4473392168680825,6.028861999511719,True,0
1,372,3.4428621927897134,6.027482032775879,True,0
1,373,3.439004341761271,6.021779537200928,True,0
1,374,3.433340390523275,6.00383996963501,True,0
1,375,3.4331024487813315,6.014419078826904,False,1
1,376,3.4239091873168945,5.977881908416748,True,0
1,377,3.421830097834269,6.002868175506592,False,1
1,378,3.412000894546509,5.938751697540283,True,0
1,379,3.4152719179789224,5.988964557647705,False,1
1,380,3.410267194112142,6.006099224090576,False,2
1,381,3.402979930241903,5.9048590660095215,True,0
1,382,3.396035512288412,5.932677268981934,False,1
1,383,3.40166703859965,5.934484958648682,False,2
1,384,3.3943182627360025,5.952584266662598,False,3
1,385,3.3880182902018228,5.916072368621826,False,4
1,386,3.37707257270813,5.86904239654541,True,0
1,387,3.37416402498881,5.913142204284668,False,1
1,388,3.370971997578939,5.875511169433594,False,2
1,389,3.372596184412638,5.871909141540527,False,3
1,390,3.3684747219085693,5.870254993438721,False,4
1,391,3.3636136849721274,5.848397731781006,True,0
1,392,3.360729773839315,5.862715721130371,False,1
1,393,3.361384709676107,5.796628475189209,True,0
1,394,3.353881518046061,5.830115795135498,False,1
1,395,3.35036301612854,5.835758209228516,False,2
1,396,3.3413389523824057,5.826380729675293,False,3
1,397,3.340115626653036,5.794734001159668,True,0
1,398,3.326444069544474,5.7259368896484375,True,0
1,399,3.3248695532480874,5.75348711013794,False,1
1,400,3.318321784337362,5.767052173614502,False,2
1,401,3.317481438318888,5.730403423309326,False,3
1,402,3.3140318393707275,5.713111877441406,True,0
1,403,3.309989054997762,5.673360347747803,True,0
1,404,3.3013578255971274,5.685213565826416,False,1
1,405,3.2945474783579507,5.683444499969482,False,2
1,406,3.289503256479899,5.635744094848633,True,0
1,407,3.279222329457601,5.639528751373291,False,1
1,408,3.27895458539327,5.657608985900879,False,2
1,409,3.2682506243387857,5.616892337799072,True,0
1,410,3.268045504887899,5.570003986358643,True,0
1,411,3.2622652848561606,5.5522332191467285,True,0
1,412,3.263013362884521,5.5628342628479,False,1
1,413,3.253931204477946,5.565556526184082,False,2
1,414,3.242918411890665,5.533774375915527,True,0
1,415,3.2451741695404053,5.530678749084473,True,0
1,416,3.231756846110026,5.521456718444824,True,0
1,417,3.228815237681071,5.482743263244629,True,0
1,418,3.2238334019978843,5.496018409729004,False,1
1,419,3.2260698477427163,5.482470989227295,True,0
1,420,3.2143989404042563,5.4659199714660645,True,0
1,421,3.2085192998250327,5.46451997756958,True,0
1,422,3.202738682428996,5.427839279174805,True,0
1,423,3.199782927831014,5.409526348114014,True,0
1,424,3.192024310429891,5.418797969818115,False,1
1,425,3.188885847727457,5.41225528717041,False,2
1,426,3.1810489495595298,5.41193962097168,False,3
1,427,3.177762031555176,5.390202045440674,True,0
1,428,3.182009061177572,5.3624701499938965,True,0
1,429,3.175782839457194,5.388937473297119,False,1
1,430,3.1663784980773926,5.377820491790772,False,2
1,431,3.164388656616211,5.354147911071777,True,0
1,432,3.159852902094523,5.296376705169678,True,0
1,433,3.1534056663513184,5.323945999145508,False,1
1,434,3.150025208791097,5.338497638702393,False,2
1,435,3.1513478755950928,5.3226318359375,False,3
1,436,3.143097718556722,5.304000854492188,False,4
1,437,3.1374285221099854,5.305695056915283,False,5
1,438,3.137727419535319,5.304090023040772,False,6
1,439,3.125005960464477,5.287881851196289,True,0
1,440,3.128021160761515,5.274266719818115,True,0
1,441,3.122625748316447,5.281614303588867,False,1
1,442,3.124333222707113,5.256799221038818,True,0
1,443,3.118491172790528,5.272079944610596,False,1
1,444,3.108854134877523,5.260177612304688,False,2
1,445,3.104198217391968,5.246560573577881,True,0
1,446,3.10071595509847,5.216092109680176,True,0
1,447,3.101731459299723,5.231542587280273,False,1
1,448,3.0952049096425376,5.230003833770752,False,2
1,449,3.08325465520223,5.1976494789123535,True,0
1,450,3.0883076190948486,5.205843925476074,False,1
1,451,3.0821076234181723,5.206935405731201,False,2
1,452,3.082235256830851,5.175333023071289,True,0
1,453,3.075546900431315,5.210168361663818,False,1
1,454,3.0793046156565347,5.1740403175354,True,0
1,455,3.07084314028422,5.1757402420043945,False,1
1,456,3.071685075759888,5.183959007263184,False,2
1,457,3.0618204275767007,5.1505303382873535,True,0
1,458,3.058913469314575,5.122587203979492,True,0
1,459,3.051140785217285,5.146407127380371,False,1
1,460,3.051175276438395,5.126790523529053,False,2
1,461,3.046566645304362,5.115715503692627,True,0
1,462,3.047494331995646,5.13955020904541,False,1
1,463,3.041658560434977,5.0918869972229,True,0
1,464,3.039431571960449,5.118909358978272,False,1
1,465,3.0309587319691977,5.111790657043457,False,2
1,466,3.0287087758382163,5.105401515960693,False,3
1,467,3.0324244499206543,5.066457748413086,True,0
1,468,3.021230697631836,5.071681022644043,False,1
1,469,3.024504979451497,5.045992851257324,True,0
1,470,3.014329512914022,5.057100772857666,False,1
1,471,3.0141919453938804,5.076149940490723,False,2
1,472,3.0105623404184976,5.053517818450928,False,3
1,473,3.001147667566935,5.021899223327637,True,0
1,474,3.002161026000977,5.041749954223633,False,1
1,475,2.998201767603556,5.055315971374512,False,2
1,476,2.995734771092733,5.046774864196777,False,3
1,477,2.9924138387044272,5.009119033813477,True,0
1,478,2.98825732866923,4.990849018096924,True,0
1,479,2.984917243321737,5.028815269470215,False,1
1,480,2.981223503748576,5.024363517761231,False,2
1,481,2.980300108591716,4.990721702575684,True,0
1,482,2.971587896347046,4.9752936363220215,True,0
1,483,2.9719699223836265,4.970542907714844,True,0
1,484,2.9683851401011148,4.973062992095947,False,1
1,485,2.9624315897623696,4.968716621398926,True,0
1,486,2.961645523707072,4.975796699523926,False,1
1,487,2.9641946951548257,4.957532405853272,True,0
1,488,2.954241832097372,4.918639659881592,True,0
1,489,2.9458119869232178,4.955843925476074,False,1
1,490,2.945825735727946,4.946457862854004,False,2
1,491,2.9453373750050864,4.933621406555176,False,3
1,492,2.9454174836476645,4.9435906410217285,False,4
1,493,2.9400010903676352,4.900451183319092,True,0
1,494,2.9382139841715493,4.891082763671875,True,0
1,495,2.9330784479777017,4.91048002243042,False,1
1,496,2.9276272455851235,4.87229585647583,True,0
1,497,2.9237873554229736,4.905033588409424,False,1
1,498,2.9153045018514,4.8985915184021,False,2
1,499,2.9193897247314453,4.873815536499023,False,3
1,500,2.912840207417806,4.88792085647583,False,4
1,501,2.91174046198527,4.869791030883789,True,0
1,502,2.90698790550232,4.83216667175293,True,0
1,503,2.906172275543213,4.850161552429199,False,1
1,504,2.898172458012899,4.855015754699707,False,2
1,505,2.893301804860433,4.821126461029053,True,0
1,506,2.8983749548594155,4.831892967224121,False,1
1,507,2.887843132019043,4.841442108154297,False,2
1,508,2.893077770868937,4.827795505523682,False,3
1,509,2.881986459096273,4.79294490814209,True,0
1,510,2.8838427861531577,4.793731689453125,False,1
1,511,2.878506819407145,4.825300216674805,False,2
1,512,2.871986707051595,4.781354427337647,True,0
1,513,2.871956348419189,4.786478996276856,False,1
1,514,2.863216002782186,4.773823261260986,True,0
1,515,2.863933563232422,4.776098251342773,False,1
1,516,2.859248479207357,4.753823280334473,True,0
1,517,2.857053359349569,4.741945266723633,True,0
1,518,2.850091298421224,4.783997058868408,False,1
1,519,2.8503661155700684,4.723357200622559,True,0
1,520,2.843456427256266,4.719025611877441,True,0
1,521,2.8433262507120767,4.749129295349121,False,1
1,522,2.839685201644897,4.710964679718018,True,0
1,523,2.832695802052816,4.693223476409912,True,0
1,524,2.8364845911661782,4.732408046722412,False,1
1,525,2.828848679860433,4.71006965637207,False,2
1,526,2.827645937601725,4.678221702575684,True,0
1,527,2.814083973566691,4.687106609344482,False,1
1,528,2.8214615186055503,4.645247936248779,True,0
1,529,2.812729835510254,4.63811731338501,True,0
1,530,2.8088761965433755,4.660332202911377,False,1
1,531,2.8090692361195884,4.6823811531066895,False,2
1,532,2.8037782510121665,4.662420749664307,False,3
1,533,2.796494404474894,4.609111309051514,True,0
1,534,2.795849879582723,4.627357006072998,False,1
1,535,2.7951015631357827,4.654222965240479,False,2
1,536,2.795185089111328,4.621328830718994,False,3
1,537,2.786504109700521,4.618423938751221,False,4
1,538,2.777675151824951,4.592755317687988,True,0
1,539,2.785968065261841,4.604894161224365,False,1
1,540,2.773028612136841,4.598698139190674,False,2
1,541,2.776136557261149,4.585893154144287,True,0
1,542,2.772696018218994,4.566175937652588,True,0
1,543,2.7668654123942056,4.58904504776001,False,1
1,544,2.761559327443441,4.5789666175842285,False,2
1,545,2.76532777150472,4.5413594245910645,True,0
1,546,2.759368260701497,4.577463626861572,False,1
1,547,2.757378021876017,4.550302982330322,False,2
1,548,2.7491653760274253,4.5482258796691895,False,3
1,549,2.7450129191080728,4.512146472930908,True,0
1,550,2.7465463479359946,4.546355247497559,False,1
1,551,2.740170319875081,4.5078959465026855,True,0
1,552,2.741250356038412,4.538748741149902,False,1
1,553,2.7358481089274087,4.489631652832031,True,0
1,554,2.73466165860494,4.491312503814697,False,1
1,555,2.730551560719808,4.502634048461914,False,2
1,556,2.7256690661112466,4.49347448348999,False,3
1,557,2.72985577583313,4.501482009887695,False,4
1,558,2.728232145309448,4.493313789367676,False,5
1,559,2.725032488505045,4.4857282638549805,True,0
1,560,2.721896012624105,4.476130485534668,True,0
1,561,2.7172847588857016,4.447978019714356,True,0
1,562,2.716024160385132,4.450394630432129,False,1
1,563,2.708868265151977,4.4559197425842285,False,2
1,564,2.710743268330892,4.446864128112793,True,0
1,565,2.7085629304250083,4.465083599090576,False,1
1,566,2.711810270945231,4.437041759490967,True,0
1,567,2.6999776363372803,4.447476863861084,False,1
1,568,2.700679620107015,4.433048725128174,True,0
1,569,2.695953766504924,4.414162635803223,True,0
1,570,2.691568374633789,4.439516067504883,False,1
1,571,2.692577203114828,4.417448043823242,False,2
1,572,2.6937080224355063,4.410412788391113,True,0
1,573,2.6963181495666504,4.415261268615723,False,1
1,574,2.691865841547648,4.416111469268799,False,2
1,575,2.683659235636393,4.399917125701904,True,0
1,576,2.681505839029948,4.401369571685791,False,1
1,577,2.684979200363159,4.394164085388184,True,0
1,578,2.6766885121663413,4.409202575683594,False,1
1,579,2.679338932037353,4.372537136077881,True,0
1,580,2.6747350692749023,4.389678955078125,False,1
1,581,2.6736475626627603,4.38238000869751,False,2
1,582,2.671653191248576,4.374595642089844,False,3
1,583,2.668893496195475,4.389684677124023,False,4
1,584,2.669461170832316,4.389581203460693,False,5
1,585,2.666841983795166,4.351799964904785,True,0
1,586,2.661032756169637,4.3643717765808105,False,1
1,587,2.65936811765035,4.347123622894287,True,0
1,588,2.6605512301127114,4.369131565093994,False,1
1,589,2.6632041136423745,4.343837738037109,True,0
1,590,2.6554576555887857,4.343585968017578,True,0
1,591,2.661015351613363,4.35161018371582,False,1
1,592,2.654080867767334,4.337185859680176,True,0
1,593,2.652541240056356,4.332802295684815,True,0
1,594,2.6532668272654214,4.331522941589356,True,0
1,595,2.6482818921407065,4.330270290374756,True,0
1,596,2.6490514278411865,4.331076145172119,False,1
1,597,2.650595426559448,4.350024700164795,False,2
1,598,2.647768974304199,4.3336262702941895,False,3
1,599,2.6460623741149902,4.315299034118652,True,0
1,600,2.6406989892323813,4.3240156173706055,False,1
1,601,2.6431844234466557,4.307666301727295,True,0
1,602,2.640132109324137,4.313419818878174,False,1
1,603,2.636439323425293,4.316718578338623,False,2
1,604,2.6357128620147705,4.301614284515381,True,0
1,605,2.640192031860352,4.299098491668701,True,0
1,606,2.639143864313761,4.308506965637207,False,1
1,607,2.636583089828491,4.299917697906494,False,2
1,608,2.629157781600952,4.292319297790527,True,0
1,609,2.629041035970052,4.286455154418945,True,0
1,610,2.630239486694336,4.272964954376221,True,0
1,611,2.6223296324412027,4.305931091308594,False,1
1,612,2.6295169989267984,4.287164211273193,False,2
1,613,2.6302663485209146,4.265198230743408,True,0
1,614,2.622446695963541,4.280940532684326,False,1
1,615,2.6241331895192466,4.267245292663574,False,2
1,616,2.620856285095215,4.276712894439697,False,3
1,617,2.6192150910695395,4.2812676429748535,False,4
1,618,2.6150051752726235,4.2357048988342285,True,0
1,619,2.61873467763265,4.275679111480713,False,1
1,620,2.6223483880360923,4.281668186187744,False,2
1,621,2.6202736695607505,4.250097274780273,False,3
1,622,2.615780035654704,4.245480537414551,False,4
1,623,2.611875057220459,4.248686790466309,False,5
1,624,2.6136515140533447,4.282172679901123,False,6
1,625,2.6155807971954346,4.251229763031006,False,7
1,626,2.6161704858144126,4.243058204650879,False,8
1,627,2.6047816276550293,4.258077144622803,False,9
1,628,2.6055599053700766,4.253086566925049,False,10
1,629,2.595987876256307,4.226557731628418,True,0
1,630,2.6015549500783286,4.228470802307129,False,1
1,631,2.6064133644104004,4.253734588623047,False,2
1,632,2.597921371459961,4.211790561676025,True,0
1,633,2.5977989037831626,4.225446701049805,False,1
1,634,2.599356412887573,4.236313343048096,False,2
1,635,2.598877509435018,4.215014934539795,False,3
1,636,2.594036102294922,4.22191333770752,False,4
1,637,2.599755048751831,4.209465980529785,True,0
1,638,2.5890438556671143,4.2354021072387695,False,1
1,639,2.5964117844899497,4.226557731628418,False,2
1,640,2.586012125015259,4.232792854309082,False,3
1,641,2.587231238683065,4.229418277740479,False,4
1,642,2.585788488388061,4.211793422698975,False,5
1,643,2.583111604054769,4.206188201904297,True,0
1,644,2.5848751862843837,4.2244415283203125,False,1
1,645,2.5885663827260337,4.1911821365356445,True,0
1,646,2.583714326222738,4.207489013671875,False,1
1,647,2.584874629974365,4.1982526779174805,False,2
1,648,2.583888530731201,4.184812545776367,True,0
1,649,2.579437096913656,4.210315227508545,False,1
1,650,2.5850104490915933,4.190616607666016,False,2
1,651,2.5790669123331704,4.182135105133057,True,0
1,652,2.576772848765055,4.165393829345703,True,0
1,653,2.575171629587809,4.205319881439209,False,1
1,654,2.5761346022288003,4.193136692047119,False,2
1,655,2.5763904253641763,4.185280799865723,False,3
1,656,2.5730812549591064,4.184558868408203,False,4
1,657,2.5659426848093667,4.193060398101807,False,5
1,658,2.571718772252401,4.170571327209473,False,6
1,659,2.564274311065674,4.1717848777771,False,7
1,660,2.565770387649536,4.162682056427002,True,0
1,661,2.5703516006469727,4.184677600860596,False,1
1,662,2.5664079189300537,4.163828372955322,False,2
1,663,2.565253416697184,4.164246559143066,False,3
1,664,2.562279383341471,4.142148971557617,True,0
1,665,2.558669408162435,4.151638507843018,False,1
1,666,2.5635398228963218,4.162708759307861,False,2
1,667,2.559617280960083,4.1652421951293945,False,3
1,668,2.555670181910197,4.163331508636475,False,4
1,669,2.558181365331014,4.162098407745361,False,5
1,670,2.5568056106567383,4.134444713592529,True,0
1,671,2.555364290873209,4.13823938369751,False,1
1,672,2.556927045186361,4.162220478057861,False,2
1,673,2.5544607639312744,4.149089813232422,False,3
1,674,2.5545206864674888,4.136878490447998,False,4
1,675,2.552511692047119,4.132861137390137,True,0
1,676,2.551309665044149,4.141434669494629,False,1
1,677,2.5463991165161133,4.136094570159912,False,2
1,678,2.5504958629608154,4.114264488220215,True,0
1,679,2.550012747446696,4.130228996276856,False,1
1,680,2.548147996266683,4.138390064239502,False,2
1,681,2.547700564066569,4.122516632080078,False,3
1,682,2.5441881815592446,4.1086297035217285,True,0
1,683,2.544041713078817,4.13930606842041,False,1
1,684,2.5468072096506758,4.151713848114014,False,2
1,685,2.54158886273702,4.105071544647217,True,0
1,686,2.5384038289388022,4.102209091186523,True,0
1,687,2.5412967999776206,4.099839687347412,True,0
1,688,2.5313398838043213,4.105358123779297,False,1
1,689,2.535911242167155,4.100736141204834,False,2
1,690,2.536131461461385,4.095841407775879,True,0
1,691,2.5390259424845376,4.101956844329834,False,1
1,692,2.54101284344991,4.097713470458984,False,2
1,693,2.5355441570281982,4.116367340087891,False,3
1,694,2.5306171576182046,4.095109939575195,True,0
1,695,2.537520964940389,4.109748363494873,False,1
1,696,2.5379652182261148,4.104989051818848,False,2
1,697,2.535442352294922,4.097914695739746,False,3
1,698,2.5333873430887857,4.098053932189941,False,4
1,699,2.53021518389384,4.103869438171387,False,5
1,700,2.5291055838267007,4.079948425292969,True,0
1,701,2.5335638523101807,4.075282573699951,True,0
1,702,2.527357657750448,4.084599494934082,False,1
1,703,2.5259041786193848,4.085160255432129,False,2
1,704,2.527503252029419,4.096780300140381,False,3
1,705,2.5285118420918784,4.0811448097229,False,4
1,706,2.529658794403076,4.077825546264648,False,5
1,707,2.525905211766561,4.099052906036377,False,6
1,708,2.5273594856262207,4.084462642669678,False,7
1,709,2.5236865679423013,4.076723098754883,False,8
1,710,2.5237367947896323,4.0655012130737305,True,0
1,711,2.522785027821859,4.081293106079102,False,1
1,712,2.518132527669271,4.063693046569824,True,0
1,713,2.5184130668640137,4.076517581939697,False,1
1,714,2.518781820933024,4.084255695343018,False,2
1,715,2.525310834248861,4.064499855041504,False,3
1,716,2.5147922039031982,4.067722320556641,False,4
1,717,2.517687956492106,4.080832481384277,False,5
1,718,2.518192768096924,4.064375877380371,False,6
1,719,2.5144405364990234,4.045659065246582,True,0
1,720,2.5184852282206216,4.055764675140381,False,1
1,721,2.51796285311381,4.0698113441467285,False,2
1,722,2.5106660525004068,4.054296016693115,False,3
1,723,2.516348600387573,4.0470123291015625,False,4
1,724,2.512150208155314,4.059699535369873,False,5
1,725,2.5082949797312417,4.063076019287109,False,6
1,726,2.5080317656199136,4.045623302459717,False,7
1,727,2.50787361462911,4.071349620819092,False,8
1,728,2.51131804784139,4.026856899261475,True,0
1,729,2.5071972211201987,4.0755696296691895,False,1
1,730,2.5100056330362954,4.0453200340271,False,2
1,731,2.505943218866984,4.047335624694824,False,3
1,732,2.5047449270884194,4.043605327606201,False,4
1,733,2.5029993057250977,4.044609069824219,False,5
1,734,2.5026004314422607,4.035412311553955,False,6
1,735,2.50691827138265,4.045789241790772,False,7
1,736,2.498021920522054,4.0485148429870605,False,8
1,737,2.502165158589681,4.018485069274902,True,0
1,738,2.5005476474761963,4.033520698547363,False,1
1,739,2.498535474141439,4.026350021362305,False,2
1,740,2.4967028299967446,4.022842884063721,False,3
1,741,2.5047456423441568,4.036857128143311,False,4
1,742,2.505616029103597,4.028997421264648,False,5
1,743,2.4957942167917886,4.007026195526123,True,0
1,744,2.4968547026316323,4.019145965576172,False,1
1,745,2.4940372308095298,4.039215087890625,False,2
1,746,2.4941511154174805,4.0060577392578125,True,0
1,747,2.499021053314209,4.013208866119385,False,1
1,748,2.491367816925049,4.010260581970215,False,2
1,749,2.487990140914917,3.995182275772095,True,0
1,750,2.488917907079061,4.018357276916504,False,1
1,751,2.489975611368815,3.994863986968994,True,0
1,752,2.4891690413157144,4.017174243927002,False,1
1,753,2.488397757212321,4.017565727233887,False,2
1,754,2.486242930094401,3.987356662750244,True,0
1,755,2.491986433664957,3.9971768856048575,False,1
1,756,2.484245538711548,4.0001540184021,False,2
1,757,2.4895005226135254,4.012024402618408,False,3
1,758,2.487868547439575,4.029548168182373,False,4
1,759,2.48806103070577,4.007881164550781,False,5
1,760,2.485271453857422,3.980184555053711,True,0
1,761,2.4797468185424805,3.9949116706848153,False,1
1,762,2.481360753377279,3.995792150497437,False,2
1,763,2.481936534245809,3.9830384254455566,False,3
1,764,2.4765915870666504,3.980473756790161,False,4
1,765,2.4784560998280845,3.9726693630218506,True,0
1,766,2.483346780141195,3.985530614852905,False,1
1,767,2.4758968353271484,3.98757266998291,False,2
1,768,2.47379469871521,3.994154453277588,False,3
1,769,2.4793179829915366,3.983176708221436,False,4
1,770,2.480532725652059,3.963034868240357,True,0
1,771,2.4727075894673667,3.985178232192993,False,1
1,772,2.4719885190327964,3.993513822555542,False,2
1,773,2.4730512301127114,3.961470365524292,True,0
1,774,2.466695547103882,3.983064651489258,False,1
1,775,2.47333025932312,3.976664543151856,False,2
1,776,2.4711358547210693,3.978355884552002,False,3
1,777,2.465716441472372,3.985429048538208,False,4
1,778,2.468330224355062,3.975559711456299,False,5
1,779,2.4712950388590493,3.967616081237793,False,6
1,780,2.466493765513102,3.9386255741119385,True,0
1,781,2.4655919075012207,3.968494415283203,False,1
1,782,2.4704483350118003,3.99311113357544,False,2
1,783,2.465000867843628,3.9588427543640137,False,3
1,784,2.472214937210083,3.958904981613159,False,4
1,785,2.463021675745646,3.971160650253296,False,5
1,786,2.4605976740519204,3.953230619430542,False,6
1,787,2.465365727742513,3.9617838859558105,False,7
1,788,2.464692989985148,3.96121883392334,False,8
1,789,2.4588255087534585,3.948432207107544,False,9
1,790,2.455544233322144,3.942793369293213,False,10
1,791,2.465320348739624,3.95192813873291,False,11
1,792,2.459843158721924,3.951492309570313,False,12
2,0,,8.719097137451172,True,0
2,1,2.39007830619812,8.644620895385742,True,0
2,2,2.3538119792938232,8.596714973449707,True,0
2,3,2.3444249629974365,8.588313102722168,True,0
2,4,2.323685884475708,8.621180534362793,False,1
2,5,2.3142220973968506,8.643791198730469,False,2
2,6,2.314140558242798,8.627805709838867,False,3
2,7,2.3132903575897217,8.592391014099121,False,4
2,8,2.305281162261963,8.56620979309082,True,0
2,9,2.298996686935425,8.570773124694824,False,1
2,10,2.299374580383301,8.57625675201416,False,2
2,11,2.296214818954468,8.573286056518555,False,3
2,12,2.2908036708831787,8.565555572509766,True,0
2,13,2.289585590362549,8.551036834716797,True,0
2,14,2.2874181270599365,8.53290843963623,True,0
2,15,2.283222198486328,8.522253036499023,True,0
2,16,2.281031370162964,8.52279281616211,False,1
2,17,2.279331684112549,8.531672477722168,False,2
2,18,2.275954484939575,8.541607856750488,False,3
2,19,2.2731359004974365,8.542243003845215,False,4
2,20,2.2715907096862797,8.528721809387207,False,5
2,21,2.269239664077759,8.50948429107666,True,0
2,22,2.266131639480591,8.49667739868164,True,0
2,23,2.263967514038086,8.493575096130371,True,0
2,24,2.262291193008423,8.495071411132812,False,1
2,25,2.2595455646514893,8.496023178100586,False,2
2,26,2.257040023803711,8.492274284362793,True,0
2,27,2.255401849746704,8.482508659362793,True,0
2,28,2.253082752227783,8.470728874206543,True,0
2,29,2.2505269050598145,8.462089538574219,True,0
2,30,2.2486677169799805,8.458691596984863,True,0
2,31,2.246696710586548,8.45984935760498,False,1
2,32,2.2442877292633057,8.463155746459961,False,2
2,33,2.242173910140991,8.46397590637207,False,3
2,34,2.2403242588043213,8.45887565612793,False,4
2,35,2.2381742000579834,8.449311256408691,True,0
2,36,2.235939741134644,8.439821243286133,True,0
2,37,2.234065055847168,8.434267044067383,True,0
2,38,2.2321174144744877,8.433208465576172,True,0
2,39,2.2298970222473145,8.433375358581543,False,1
2,40,2.2279868125915527,8.42990493774414,True,0
2,41,2.226123809814453,8.422057151794434,True,0
2,42,2.224036931991577,8.414305686950684,True,0
2,43,2.222069025039673,8.41073989868164,True,0
2,44,2.220215082168579,8.41120719909668,False,1
2,45,2.218235969543457,8.412789344787598,False,2
2,46,2.216268539428711,8.412145614624023,False,3
2,47,2.2144148349761963,8.408121109008789,True,0
2,48,2.212496042251587,8.402059555053711,True,0
2,49,2.21054744720459,8.395231246948242,True,0
2,50,2.208701610565185,8.388504981994629,True,0
2,51,2.20680570602417,8.384149551391602,True,0
2,52,2.204906940460205,8.382688522338867,True,0
2,53,2.203068256378174,8.381190299987793,True,0
2,54,2.20119857788086,8.377942085266113,True,0
2,55,2.1993298530578613,8.374140739440918,True,0
2,56,2.1975033283233643,8.370855331420898,True,0
2,57,2.1956562995910645,8.368175506591797,True,0
2,58,2.193816661834717,8.364974021911621,True,0
2,59,2.191993474960327,8.360652923583984,True,0
2,60,2.1901676654815674,8.356257438659668,True,0
2,61,2.188349962234497,8.35190200805664,True,0
2,62,2.1865339279174805,8.347831726074219,True,0
2,63,2.184730052947998,8.34512710571289,True,0
2,64,2.1829254627227783,8.343100547790527,True,0
2,65,2.181127548217773,8.340392112731934,True,0
2,66,2.1793482303619385,8.33714485168457,True,0
2,67,2.177557945251465,8.333813667297363,True,0
2,68,2.1757774353027344,8.331069946289062,True,0
2,69,2.1740126609802246,8.32889175415039,True,0
2,70,2.172235012054444,8.326526641845703,True,0
2,71,2.170475482940674,8.323824882507324,True,0
2,72,2.168719291687012,8.320905685424805,True,0
2,73,2.166958808898926,8.31851863861084,True,0
2,74,2.165217876434326,8.31655216217041,True,0
2,75,2.163468360900879,8.314865112304688,True,0
2,76,2.161726236343384,8.31292724609375,True,0
2,77,2.159994840621948,8.309906959533691,True,0
2,78,2.1582579612731934,8.307074546813965,True,0
2,79,2.15653657913208,8.30466365814209,True,0
2,80,2.154814481735229,8.303350448608398,True,0
2,81,2.153097629547119,8.301305770874023,True,0
2,82,2.1513895988464355,8.299163818359375,True,0
2,83,2.1496822834014893,8.296606063842773,True,0
2,84,2.147984743118286,8.29418659210205,True,0
2,85,2.1462905406951904,8.29167366027832,True,0
2,86,2.144603729248047,8.2905855178833,True,0
2,87,2.1429238319396973,8.287856101989746,True,0
2,88,2.1412525177001958,8.286664009094238,True,0
2,89,2.1396005153656006,8.283443450927734,True,0
2,90,2.1379854679107666,8.284209251403809,False,1
2,91,2.1364595890045166,8.279314994812012,True,0
2,92,2.135119676589966,8.283844947814941,False,1
2,93,2.133995056152344,8.275171279907227,True,0
2,94,2.132710695266724,8.279184341430664,False,1
2,95,2.1306402683258057,8.271805763244629,True,0
2,96,2.128303289413452,8.270689010620117,True,0
2,97,2.126826524734497,8.273850440979004,False,1
2,98,2.1258187294006348,8.266530990600586,True,0
2,99,2.1241633892059326,8.267621040344238,False,1
2,100,2.1221108436584477,8.265377044677734,True,0
2,101,2.1206648349761963,8.262028694152832,True,0
2,102,2.119488000869751,8.263519287109375,False,1
2,103,2.1177785396575928,8.25886344909668,True,0
2,104,2.1160027980804443,8.257965087890625,True,0
2,105,2.114699363708496,8.257987976074219,False,1
2,106,2.113337278366089,8.25341510772705,True,0
2,107,2.111621379852295,8.253412246704102,False,1
2,108,2.1100499629974365,8.252334594726562,True,0
2,109,2.108769655227661,8.248189926147461,True,0
2,110,2.1073262691497803,8.247957229614258,True,0
2,111,2.1056697368621826,8.246935844421387,True,0
2,112,2.1042168140411377,8.243924140930176,True,0
2,113,2.1029183864593506,8.243528366088867,True,0
2,114,2.1014416217803955,8.241618156433105,True,0
2,115,2.099869966506958,8.239250183105469,True,0
2,116,2.098457336425781,8.239094734191895,True,0
2,117,2.0971221923828125,8.235634803771973,True,0
2,118,2.09565806388855,8.235395431518555,True,0
2,119,2.0941452980041504,8.233887672424316,True,0
2,120,2.0927417278289795,8.230669021606445,True,0
2,121,2.091397523880005,8.231558799743652,False,1
2,122,2.089985609054565,8.22787094116211,True,0
2,123,2.0885233879089355,8.226680755615234,True,0
2,124,2.087113618850708,8.225431442260742,True,0
2,125,2.085765838623047,8.223376274108887,True,0
2,126,2.0844063758850098,8.222055435180664,True,0
2,127,2.0829918384552,8.221046447753906,True,0
2,128,2.081575393676758,8.218342781066895,True,0
2,129,2.0802078247070312,8.218774795532227,False,1
2,130,2.078877210617065,8.214895248413086,True,0
2,131,2.077544450759888,8.21654224395752,False,1
2,132,2.0761942863464355,8.212297439575195,True,0
2,133,2.0748682022094727,8.213642120361328,False,1
2,134,2.0736124515533447,8.209492683410645,True,0
2,135,2.0724315643310547,8.211898803710938,False,1
2,136,2.0712811946868896,8.205720901489258,True,0
2,137,2.0700759887695312,8.209956169128418,False,1
2,138,2.068769693374634,8.202428817749023,True,0
2,139,2.067345142364502,8.205954551696777,False,1
2,140,2.0658090114593506,8.199809074401855,True,0
2,141,2.064272403717041,8.200905799865723,False,1
2,142,2.0628483295440674,8.199504852294922,True,0
2,143,2.0615932941436768,8.195953369140625,True,0
2,144,2.060468435287476,8.199522972106934,False,1
2,145,2.0593600273132324,8.192888259887695,True,0
2,146,2.0581507682800293,8.196430206298828,False,1
2,147,2.0567777156829834,8.190727233886719,True,0
2,148,2.055330991744995,8.19196605682373,False,1
2,149,2.053938388824463,8.190312385559082,True,0
2,150,2.0526723861694336,8.187466621398926,True,0
2,151,2.0514936447143555,8.189746856689453,False,1
2,152,2.050332546234131,8.184636116027832,True,0
2,153,2.0491440296173096,8.187098503112793,False,1
2,154,2.047908306121826,8.182894706726074,True,0
2,155,2.046636819839477,8.183394432067871,False,1
2,156,2.045355319976806,8.180971145629883,True,0
2,157,2.04408597946167,8.180781364440918,True,0
2,158,2.042827844619751,8.180190086364746,True,0
2,159,2.041588306427002,8.178171157836914,True,0
2,160,2.0403716564178467,8.178993225097656,False,1
2,161,2.03918194770813,8.1757230758667,True,0
2,162,2.038014411926269,8.176759719848633,False,1
2,163,2.0368597507476807,8.173687934875488,True,0
2,164,2.03570556640625,8.175131797790527,False,1
2,165,2.0345377922058105,8.171496391296387,True,0
2,166,2.03334903717041,8.172611236572266,False,1
2,167,2.032136917114258,8.16946029663086,True,0
2,168,2.0309054851531982,8.170581817626953,False,1
2,169,2.0296778678894043,8.167085647583008,True,0
2,170,2.0284712314605717,8.168815612792969,False,1
2,171,2.027294874191284,8.164365768432617,True,0
2,172,2.026142835617065,8.16677474975586,False,1
2,173,2.0250110626220703,8.162184715270996,True,0
2,174,2.023897647857666,8.164752960205078,False,1
2,175,2.022798776626587,8.159381866455078,True,0
2,176,2.021711587905884,8.163223266601562,False,1
2,177,2.0206096172332764,8.157718658447266,True,0
2,178,2.019489049911499,8.161564826965332,False,1
2,179,2.018336534500122,8.155898094177246,True,0
2,180,2.0171961784362797,8.160604476928711,False,1
2,181,2.0161125659942627,8.153528213500977,True,0
2,182,2.0151050090789795,8.159043312072754,False,1
2,183,2.0141515731811523,8.152555465698242,True,0
2,184,2.0131478309631348,8.156261444091797,False,1
2,185,2.011953353881836,8.151688575744629,True,0
2,186,2.010549545288086,8.152752876281738,False,1
2,187,2.0090932846069336,8.151050567626953,True,0
2,188,2.007811546325684,8.14987850189209,True,0
2,189,2.0067837238311768,8.150714874267578,False,1
2,190,2.00590443611145,8.147802352905273,True,0
2,191,2.0049726963043213,8.149295806884766,False,1
2,192,2.0038769245147705,8.14592170715332,True,0
2,193,2.0026519298553467,8.148092269897461,False,1
2,194,2.001451015472412,8.144466400146484,True,0
2,195,2.0003795623779297,8.14791488647461,False,1
2,196,1.999412178993225,8.144421577453613,False,2
2,197,1.9984225034713743,8.146265983581543,False,3
2,198,1.997342824935913,8.14406967163086,True,0
2,199,1.9961603879928589,8.144031524658203,False,1
2,200,1.994972586631775,8.143056869506836,True,0
2,201,1.9938517808914185,8.142990112304688,False,1
2,202,1.992821216583252,8.142030715942383,True,0
2,203,1.991830825805664,8.142121315002441,False,1
2,204,1.9908246994018557,8.14153003692627,True,0
2,205,1.9897631406784055,8.141563415527344,False,1
2,206,1.9886672496795652,8.141467094421387,False,2
2,207,1.987562894821167,8.141458511352539,False,3
2,208,1.986492395401001,8.140995025634766,True,0
2,209,1.9854599237442017,8.140239715576172,True,0
2,210,1.984451532363892,8.1410493850708,False,1
2,211,1.9834461212158203,8.13874340057373,True,0
2,212,1.982431411743164,8.140824317932129,False,1
2,213,1.9814049005508425,8.13807487487793,True,0
2,214,1.9803870916366575,8.14070987701416,False,1
2,215,1.979417324066162,8.137049674987793,True,0
2,216,1.9785583019256592,8.143094062805176,False,1
2,217,1.9779287576675413,8.135573387145996,True,0
2,218,1.9777098894119265,8.145005226135254,False,1
2,219,1.9763827323913572,8.13602066040039,False,2
2,220,1.9750725030899048,8.14282512664795,False,3
2,221,1.9738458395004272,8.136457443237305,False,4
2,222,1.9726383686065676,8.140885353088379,False,5
2,223,1.9714666604995728,8.136781692504883,False,6
2,224,1.9703457355499268,8.13999080657959,False,7
2,225,1.96928346157074,8.137507438659668,False,8
2,226,1.9682602882385252,8.13796615600586,False,9
2,227,1.9672658443450928,8.139293670654297,False,10
2,228,1.966286063194275,8.136852264404297,False,11
2,229,1.9653239250183103,8.139322280883789,False,12
3,0,,5.837534427642822,True,0
3,1,3.0291976928710938,5.790218830108643,True,0
3,2,2.962129831314087,5.940974235534668,False,1
3,3,2.9555087089538574,5.988383293151856,False,2
3,4,2.939936399459839,5.926421642303467,False,3
3,5,2.9379870891571045,5.855003356933594,False,4
3,6,2.933103561401367,5.834784507751465,False,5
3,7,2.930734634399414,5.871418952941895,False,6
3,8,2.9273715019226074,5.921413421630859,False,7
3,9,2.9214954376220703,5.951922416687012,False,8
3,10,2.921236515045166,5.944292545318604,False,9
3,11,2.9188454151153564,5.9161553382873535,False,10
3,12,2.9145636558532715,5.897077083587647,False,11
3,13,2.9135146141052246,5.892233848571777,False,12
4,0,,7.3150506019592285,True,0
4,1,4.608038266499837,7.473484516143799,False,1
4,2,4.573757489522298,7.302740097045898,True,0
4,3,4.555790583292644,7.316701412200928,False,1
4,4,4.553715387980144,7.263894557952881,True,0
4,5,4.535450299580892,7.255733013153076,True,0
4,6,4.5336887041727705,7.236520767211914,True,0
4,7,4.522648334503174,7.194470405578613,True,0
4,8,4.513997872670491,7.21269416809082,False,1
4,9,4.504995187123616,7.213368892669678,False,2
4,10,4.505284786224365,7.184390068054199,True,0
4,11,4.497994263966878,7.138618469238281,True,0
4,12,4.48340368270874,7.130717754364014,True,0
4,13,4.47635555267334,7.122344970703125,True,0
4,14,4.467977046966553,7.120792388916016,True,0
4,15,4.463573455810547,7.094013214111328,True,0
4,16,4.453042984008789,7.109250545501709,False,1
4,17,4.453604062398274,7.054970741271973,True,0
4,18,4.438875039418538,7.07109260559082,False,1
4,19,4.436228752136231,7.032256126403809,True,0
4,20,4.430730024973552,7.0313334465026855,True,0
4,21,4.431737899780273,7.022088050842285,True,0
4,22,4.4123202959696455,7.020035743713379,True,0
4,23,4.408005396525065,6.992453098297119,True,0
4,24,4.406781832377116,7.010684013366699,False,1
4,25,4.402698357899983,6.939323902130127,True,0
4,26,4.389992554982503,6.963520050048828,False,1
4,27,4.389194806416829,6.956890106201172,False,2
4,28,4.376601854960124,6.943197250366211,False,3
4,29,4.371719201405843,6.931024551391602,True,0
4,30,4.366624514261882,6.890748023986816,True,0
4,31,4.364023844401042,6.8823981285095215,True,0
4,32,4.351467768351237,6.90458869934082,False,1
4,33,4.348221937815349,6.885412216186523,False,2
4,34,4.339532852172852,6.884844303131104,False,3
4,35,4.338497002919515,6.826917171478272,True,0
4,36,4.331141471862793,6.837645053863525,False,1
4,37,4.324849287668864,6.856113433837891,False,2
4,38,4.315683523813884,6.823696136474609,True,0
4,39,4.315635999043782,6.822106838226318,True,0
4,40,4.311253706614177,6.822099208831787,False,1
4,41,4.305516878763835,6.806574821472168,True,0
4,42,4.306045214335124,6.75736665725708,True,0
4,43,4.29334020614624,6.792914390563965,False,1
4,44,4.286411126454671,6.768201351165772,False,2
4,45,4.291736284891765,6.776124477386475,False,3
4,46,4.2728597323099775,6.749387264251709,True,0
4,47,4.272571086883545,6.729887962341309,True,0
4,48,4.266213575998942,6.725879669189453,True,0
4,49,4.265531698862712,6.722404479980469,True,0
4,50,4.256385485331218,6.716897487640381,True,0
4,51,4.247334321339925,6.707048416137695,True,0
4,52,4.248563130696614,6.725011348724365,False,1
4,53,4.241801738739014,6.693707466125488,True,0
4,54,4.237593491872151,6.666819095611572,True,0
4,55,4.226368586222331,6.671845436096191,False,1
4,56,4.228591124216716,6.653810977935791,True,0
4,57,4.214288870493571,6.660729885101318,False,1
4,58,4.218651453653972,6.640589237213135,True,0
4,59,4.207988897959392,6.663058280944824,False,1
4,60,4.206387996673584,6.624741077423096,True,0
4,61,4.204543113708496,6.648803234100342,False,1
4,62,4.196928819020589,6.642470359802246,False,2
4,63,4.190098762512207,6.62252950668335,True,0
4,64,4.193967024485271,6.593400478363037,True,0
4,65,4.185173193613688,6.616543292999268,False,1
4,66,4.179454485575358,6.641250133514404,False,2
4,67,4.170930862426758,6.574672222137451,True,0
4,68,4.170764287312825,6.571165561676025,True,0
4,69,4.171728769938151,6.593229293823242,False,1
4,70,4.163905461629232,6.574012756347656,False,2
4,71,4.156929016113281,6.575002670288086,False,3
4,72,4.164917945861816,6.562982559204102,True,0
4,73,4.15433390935262,6.569451332092285,False,1
4,74,4.147922039031982,6.570058345794678,False,2
4,75,4.138940175374349,6.530521869659424,True,0
4,76,4.134912490844727,6.542569637298584,False,1
4,77,4.126291592915853,6.538896083831787,False,2
4,78,4.12973674138387,6.51727819442749,True,0
4,79,4.127857685089111,6.554885387420654,False,1
4,80,4.117118994394938,6.500885963439941,True,0
4,81,4.110862175623576,6.505842208862305,False,1
4,82,4.111340522766113,6.522213459014893,False,2
4,83,4.106232166290283,6.4815754890441895,True,0
4,84,4.104084491729736,6.493320941925049,False,1
4,85,4.099435806274414,6.4855475425720215,False,2
4,86,4.098495006561279,6.498937606811523,False,3
4,87,4.094691117604573,6.4997639656066895,False,4
4,88,4.088467439015706,6.480514526367188,True,0
4,89,4.080525636672974,6.4393696784973145,True,0
4,90,4.078721682230632,6.476853370666504,False,1
4,91,4.072427193323772,6.462217807769775,False,2
4,92,4.078127940495809,6.456161975860596,False,3
4,93,4.067601839701335,6.45800256729126,False,4
4,94,4.0625631014506025,6.459625720977783,False,5
4,95,4.065560897191365,6.4446330070495605,False,6
4,96,4.055944601694743,6.437009334564209,True,0
4,97,4.054399172465007,6.450901031494141,False,1
4,98,4.046375115712483,6.404153823852539,True,0
4,99,4.044984181722005,6.418967247009277,False,1
4,100,4.041016260782878,6.4317626953125,False,2
4,101,4.041030248006185,6.417584419250488,False,3
4,102,4.035935560862224,6.390425205230713,True,0
4,103,4.035989125569661,6.402804851531982,False,1
4,104,4.023875554402669,6.416594982147217,False,2
4,105,4.026613235473633,6.375823020935059,True,0
4,106,4.019325176874797,6.384483337402344,False,1
4,107,4.015983819961548,6.392837524414063,False,2
4,108,4.008030652999878,6.349896430969238,True,0
4,109,4.017346382141113,6.3865251541137695,False,1
4,110,4.007101694742839,6.399650096893311,False,2
4,111,3.9981963634490967,6.356715202331543,False,3
4,112,3.993333101272583,6.359109878540039,False,4
4,113,3.990610678990682,6.342823028564453,True,0
4,114,3.980339368184408,6.369743824005127,False,1
4,115,3.99094812075297,6.322043418884277,True,0
4,116,3.986731767654419,6.363131523132324,False,1
4,117,3.973170518875122,6.353245258331299,False,2
4,118,3.974687735239665,6.321846008300781,True,0
4,119,3.970016479492188,6.309316158294678,True,0
4,120,3.961509625116984,6.318807601928711,False,1
4,121,3.964073181152344,6.346978187561035,False,2
4,122,3.960402409235636,6.292017459869385,True,0
4,123,3.955374797185262,6.3262858390808105,False,1
4,124,3.9525696436564126,6.293383121490479,False,2
4,125,3.950466314951578,6.286685943603516,True,0
4,126,3.948529322942098,6.294178009033203,False,1
4,127,3.9351769288380942,6.265051364898682,True,0
4,128,3.936269919077555,6.268977642059326,False,1
4,129,3.933911164601644,6.305498600006104,False,2
4,130,3.9202065467834473,6.276482105255127,False,3
4,131,3.9279653231302896,6.218003749847412,True,0
4,132,3.927932103474935,6.282907962799072,False,1
4,133,3.916447480519613,6.284219264984131,False,2
4,134,3.911188046137492,6.225204944610596,False,3
4,135,3.904585679372152,6.238976955413818,False,4
4,136,3.90580153465271,6.260228633880615,False,5
4,137,3.905787865320841,6.222403049468994,False,6
4,138,3.895198345184326,6.240507125854492,False,7
4,139,3.900315920511882,6.224345684051514,False,8
4,140,3.892527182896932,6.211711883544922,True,0
4,141,3.8901809056599936,6.23222017288208,False,1
4,142,3.88258163134257,6.2032790184021,True,0
4,143,3.879209200541178,6.215571880340576,False,1
4,144,3.877413590749105,6.1710357666015625,True,0
4,145,3.868593136469523,6.195221424102783,False,1
4,146,3.8643070062001543,6.2041730880737305,False,2
4,147,3.857884645462036,6.172595977783203,False,3
4,148,3.857130686442057,6.171408176422119,False,4
4,149,3.8516457875569663,6.180295467376709,False,5
4,150,3.8569701512654624,6.155335903167725,True,0
4,151,3.850112199783325,6.164092540740967,False,1
4,152,3.841912349065145,6.144899368286133,True,0
4,153,3.8379315535227456,6.136192798614502,True,0
4,154,3.8361453215281167,6.132837772369385,True,0
4,155,3.822922865549723,6.148510456085205,False,1
4,156,3.8261274496714273,6.119650840759277,True,0
4,157,3.8237969080607095,6.115978240966797,True,0
4,158,3.8228763739267984,6.125819683074951,False,1
4,159,3.8179078102111816,6.125312805175781,False,2
4,160,3.8146238327026367,6.071760177612305,True,0
4,161,3.8021743297576895,6.113115310668945,False,1
4,162,3.802577018737793,6.0957770347595215,False,2
4,163,3.802475929260254,6.072659015655518,False,3
4,164,3.7891434828440342,6.110968589782715,False,4
4,165,3.786610841751098,6.057501792907715,True,0
4,166,3.793975114822388,6.032214164733887,True,0
4,167,3.7846314907073975,6.087445259094238,False,1
4,168,3.7795836130777993,6.044332027435303,False,2
4,169,3.776092211405436,6.043988227844238,False,3
4,170,3.769538958867391,6.055121898651123,False,4
4,171,3.764909029006958,6.020555019378662,True,0
4,172,3.753213087717692,6.011708736419678,True,0
4,173,3.746249437332153,6.00565767288208,True,0
4,174,3.7539850076039634,6.019309043884277,False,1
4,175,3.742687384287516,5.985370635986328,True,0
4,176,3.738278309504191,5.986215114593506,False,1
4,177,3.7369019190470376,6.009363174438477,False,2
4,178,3.739962498346965,5.92632532119751,True,0
4,179,3.7263472080230713,5.984116077423096,False,1
4,180,3.722448507944743,5.961238384246826,False,2
4,181,3.72088901201884,5.937056064605713,False,3
4,182,3.711721420288086,5.962706089019775,False,4
4,183,3.72165854771932,5.934589385986328,False,5
4,184,3.707988659540812,5.898562908172607,True,0
4,185,3.698224067687988,5.952134132385254,False,1
4,186,3.68969202041626,5.877668380737305,True,0
4,187,3.6978795528411865,5.913629531860352,False,1
4,188,3.6867005030314126,5.906222820281982,False,2
4,189,3.6848095258076983,5.837954521179199,True,0
4,190,3.68186608950297,5.912510871887207,False,1
4,191,3.676392555236816,5.870900630950928,False,2
4,192,3.6728437741597495,5.876166820526123,False,3
4,193,3.658911228179932,5.862431049346924,False,4
4,194,3.658233880996704,5.844194889068604,False,5
4,195,3.6610141595204673,5.851471424102783,False,6
4,196,3.653046369552612,5.833473205566406,True,0
4,197,3.648108164469401,5.836569786071777,False,1
4,198,3.643183390299479,5.811600208282471,True,0
4,199,3.638879934946696,5.814574241638184,False,1
4,200,3.633267402648926,5.776862144470215,True,0
4,201,3.625816583633423,5.810628890991211,False,1
4,202,3.616609732309977,5.790499687194824,False,2
4,203,3.613655646642049,5.751755237579346,True,0
4,204,3.6114307244618735,5.777098655700684,False,1
4,205,3.6099791526794434,5.743320465087891,True,0
4,206,3.603706598281861,5.736201286315918,True,0
4,207,3.5944063663482666,5.725840091705322,True,0
4,208,3.587586641311645,5.725531101226807,True,0
4,209,3.589646895726522,5.713115215301514,True,0
4,210,3.583199580510457,5.672964572906494,True,0
4,211,3.576539675394694,5.692634105682373,False,1
4,212,3.576681137084961,5.713608264923096,False,2
4,213,3.5660808086395264,5.65827751159668,True,0
4,214,3.569620211919149,5.662209510803223,False,1
4,215,3.5549464225769043,5.661013126373291,False,2
4,216,3.5484898885091147,5.627357006072998,True,0
4,217,3.5476866563161216,5.623791694641113,True,0
4,218,3.5446531772613525,5.612428665161133,True,0
4,219,3.543256998062134,5.6091742515563965,True,0
4,220,3.534072240193685,5.5940375328063965,True,0
4,221,3.525899966557821,5.572807788848877,True,0
4,222,3.5234764417012534,5.570941925048828,True,0
4,223,3.5158774058024087,5.561022758483887,True,0
4,224,3.5108354091644287,5.553778171539307,True,0
4,225,3.508534590403239,5.5456223487854,True,0
4,226,3.503800312678019,5.529208660125732,True,0
4,227,3.504672368367513,5.528839111328125,True,0
4,228,3.4981959660847983,5.482742786407471,True,0
4,229,3.4868439038594565,5.513932228088379,False,1
4,230,3.4894168376922607,5.511467933654785,False,2
4,231,3.477904478708903,5.4255051612854,True,0
4,232,3.472174326578776,5.497640609741211,False,1
4,233,3.480526765187581,5.453605175018311,False,2
4,234,3.466372092564901,5.46699333190918,False,3
4,235,3.4623141288757324,5.427591323852539,False,4
4,236,3.4618839422861734,5.416172027587891,True,0
4,237,3.452052354812622,5.431270122528076,False,1
4,238,3.4517062505086265,5.3951520919799805,True,0
4,239,3.451016585032145,5.393694877624512,True,0
4,240,3.437687635421753,5.401052474975586,False,1
4,241,3.44001833597819,5.351839542388916,True,0
4,242,3.430458307266236,5.3875813484191895,False,1
4,243,3.4276582400004068,5.373984336853027,False,2
4,244,3.4206116994222007,5.336819171905518,True,0
4,245,3.41993776957194,5.34501314163208,False,1
4,246,3.410172462463379,5.297431468963623,True,0
4,247,3.4089043140411377,5.309784412384033,False,1
4,248,3.396434783935547,5.317477226257324,False,2
4,249,3.3986427783966064,5.275829792022705,True,0
4,250,3.399741808573405,5.292853355407715,False,1
4,251,3.383937358856201,5.273951053619385,True,0
4,252,3.38702925046285,5.252243041992188,True,0
4,253,3.381570895512899,5.250354766845703,True,0
4,254,3.37288498878479,5.254724502563477,False,1
4,255,3.371011813481649,5.225548267364502,True,0
4,256,3.366740226745605,5.243497371673584,False,1
4,257,3.361619551976522,5.217978477478027,True,0
4,258,3.3573833306630454,5.213565349578857,True,0
4,259,3.3527199427286782,5.22699785232544,False,1
4,260,3.347176074981689,5.168869495391846,True,0
4,261,3.3396409352620444,5.179112911224365,False,1
4,262,3.3371339639027915,5.183743000030518,False,2
4,263,3.345431327819824,5.167829990386963,True,0
4,264,3.329028288523356,5.1735687255859375,False,1
4,265,3.334158420562744,5.157849788665772,True,0
4,266,3.328539768854777,5.153942108154297,True,0
4,267,3.325145880381266,5.162109375,False,1
4,268,3.3174382050832114,5.1290283203125,True,0
4,269,3.31570053100586,5.121777534484863,True,0
4,270,3.318436781565348,5.118010520935059,True,0
4,271,3.308295726776123,5.113006591796875,True,0
4,272,3.29777455329895,5.0833258628845215,True,0
4,273,3.297806978225708,5.081613540649414,True,0
4,274,3.2985786596934,5.102010726928711,False,1
4,275,3.287531614303589,5.077342510223389,True,0
4,276,3.2894067764282227,5.076670169830322,True,0
4,277,3.2833970387776694,5.046924591064453,True,0
4,278,3.2804723580678306,5.069831848144531,False,1
4,279,3.2780107657114663,5.05537223815918,False,2
4,280,3.27341628074646,5.030539512634277,True,0
4,281,3.2687371571858725,5.016760349273682,True,0
4,282,3.2641095320383706,5.032704830169678,False,1
4,283,3.261482318242391,5.009625434875488,True,0
4,284,3.2570246855417886,5.016599178314209,False,1
4,285,3.251953601837158,5.017945766448975,False,2
4,286,3.257407267888387,4.993780136108398,True,0
4,287,3.253554662068685,4.994017124176025,False,1
4,288,3.241866985956828,4.990782260894775,True,0
4,289,3.242488066355387,4.957271099090576,True,0
4,290,3.2357654571533203,4.986039638519287,False,1
4,291,3.2313829263051352,4.9518914222717285,True,0
4,292,3.2254706223805747,4.940659046173096,True,0
4,293,3.222632567087809,4.984702110290527,False,1
4,294,3.2190469106038413,4.924736022949219,True,0
4,295,3.215097745259603,4.94618034362793,False,1
4,296,3.2122899691263838,4.919016361236572,True,0
4,297,3.21229879061381,4.939799308776856,False,1
4,298,3.202812353769938,4.907009601593018,True,0
4,299,3.2054549853007,4.903450965881348,True,0
4,300,3.2097514470418296,4.906293869018555,False,1
4,301,3.195870478947957,4.902961254119873,True,0
4,302,3.194204330444336,4.890501022338867,True,0
4,303,3.191883405049642,4.900211811065674,False,1
4,304,3.1860382556915283,4.86758279800415,True,0
4,305,3.187673886617025,4.864295959472656,True,0
4,306,3.1768950621287027,4.863513469696045,True,0
4,307,3.1743549505869546,4.8624372482299805,True,0
4,308,3.172619660695394,4.851010322570801,True,0
4,309,3.1736764907836914,4.87524938583374,False,1
4,310,3.168270746866862,4.845621585845947,True,0
4,311,3.1616271336873374,4.832274436950684,True,0
4,312,3.163259506225586,4.830569267272949,True,0
4,313,3.1614277362823486,4.831387519836426,False,1
4,314,3.160773436228434,4.832675457000732,False,2
4,315,3.153106609980265,4.814101219177246,True,0
4,316,3.144355773925781,4.813325881958008,True,0
4,317,3.147664388020833,4.775930881500244,True,0
4,318,3.14697813987732,4.831955909729004,False,1
4,319,3.142662127812704,4.810573101043701,False,2
4,320,3.140711228052775,4.795304775238037,False,3
4,321,3.129978577295939,4.772373676300049,True,0
4,322,3.137661059697469,4.798396587371826,False,1
4,323,3.132625659306844,4.785607814788818,False,2
4,324,3.125513235727946,4.772442817687988,False,3
4,325,3.126969575881958,4.768524169921875,True,0
4,326,3.1290367444356284,4.781210899353027,False,1
4,327,3.116536776224772,4.744967937469482,True,0
4,328,3.119467496871948,4.75473165512085,False,1
4,329,3.1168699264526367,4.772129058837891,False,2
4,330,3.110103209813436,4.751904010772705,False,3
4,331,3.1111363569895425,4.745151519775391,False,4
4,332,3.109844207763672,4.7300896644592285,True,0
4,333,3.106147766113281,4.754000663757324,False,1
4,334,3.109783172607422,4.722701072692871,True,0
4,335,3.10200301806132,4.751515865325928,False,1
4,336,3.100402275721232,4.737361907958984,False,2
4,337,3.102308988571167,4.704450607299805,True,0
4,338,3.1017328103383384,4.735291481018066,False,1
4,339,3.0983614126841226,4.704190731048584,True,0
4,340,3.09923521677653,4.7038445472717285,True,0
4,341,3.087116082509359,4.722179889678955,False,1
4,342,3.08686892191569,4.6964850425720215,True,0
4,343,3.077551444371541,4.697373390197754,False,1
4,344,3.0809823671976724,4.695655822753906,True,0
4,345,3.0802929401397705,4.701487064361572,False,1
4,346,3.076043605804444,4.691675186157227,True,0
4,347,3.0758445262908936,4.678237438201904,True,0
4,348,3.066569328308105,4.6787872314453125,False,1
4,349,3.0741895834604898,4.676422595977783,True,0
4,350,3.066970427831014,4.667600154876709,True,0
4,351,3.061549345652262,4.651060581207275,True,0
4,352,3.0622170766194663,4.665754318237305,False,1
4,353,3.059540351231893,4.661937236785889,False,2
4,354,3.0577925046284995,4.64988374710083,True,0
4,355,3.053626775741577,4.652525901794434,False,1
4,356,3.0562357107798257,4.650619983673096,False,2
4,357,3.0532844066619877,4.627171993255615,True,0
4,358,3.041303396224976,4.657480716705322,False,1
4,359,3.042334953943888,4.635643482208252,False,2
4,360,3.0433506965637207,4.623716831207275,True,0
4,361,3.0368666648864746,4.644131660461426,False,1
4,362,3.039985100428263,4.600854873657227,True,0
4,363,3.030647039413452,4.632482051849365,False,1
4,364,3.031939665476481,4.62406587600708,False,2
4,365,3.0352261066436768,4.621700763702393,False,3
4,366,3.032010316848755,4.61806583404541,False,4
4,367,3.031832774480184,4.607259273529053,False,5
4,368,3.023123105367025,4.5987420082092285,True,0
4,369,3.0243045488993325,4.603790760040283,False,1
4,370,3.0175724824269614,4.627567768096924,False,2
4,371,3.019725640614828,4.569048881530762,True,0
4,372,3.01339062054952,4.593692779541016,False,1
4,373,3.0144858360290527,4.584196090698242,False,2
4,374,3.011338790257772,4.577457904815674,False,3
4,375,3.0120073159535727,4.581713199615479,False,4
4,376,3.0029403368632,4.564937114715576,True,0
4,377,3.003744045893351,4.579699993133545,False,1
4,378,2.995788812637329,4.5588226318359375,True,0
4,379,3.002358357111613,4.577290058135986,False,1
4,380,2.997699737548828,4.5523600578308105,True,0
4,381,2.992387692133585,4.535797595977783,True,0
4,382,2.989054520924886,4.554929256439209,False,1
4,383,2.994279940923055,4.552377700805664,False,2
4,384,2.988600651423136,4.564113140106201,False,3
4,385,2.9840939044952397,4.514813423156738,True,0
4,386,2.9774703979492188,4.545825004577637,False,1
4,387,2.975630601247152,4.531587600708008,False,2
4,388,2.973950862884521,4.535293102264404,False,3
4,389,2.97974181175232,4.558420658111572,False,4
4,390,2.9747767448425293,4.52362871170044,False,5
4,391,2.97339129447937,4.492469310760498,True,0
4,392,2.972707351048788,4.551135063171387,False,1
4,393,2.974984089533488,4.501827716827393,False,2
4,394,2.9707629680633545,4.496849060058594,False,3
4,395,2.966593583424886,4.532543182373047,False,4
4,396,2.9620018005371094,4.516404151916504,False,5
4,397,2.961885849634806,4.492133140563965,True,0
4,398,2.9513164361317954,4.509639263153076,False,1
4,399,2.9520567258199057,4.483314037322998,True,0
4,400,2.94960085550944,4.506758689880371,False,1
4,401,2.950598955154419,4.492755889892578,False,2
4,402,2.9509820143381758,4.481714725494385,True,0
4,403,2.950592438379924,4.482902050018311,False,1
4,404,2.946117401123047,4.470820426940918,True,0
4,405,2.9419798851013184,4.503471374511719,False,1
4,406,2.942543347676595,4.468534469604492,True,0
4,407,2.9329415957132974,4.468164920806885,True,0
4,408,2.9357077280680337,4.495762348175049,False,1
4,409,2.9288710753122964,4.454587936401367,True,0
4,410,2.933434089024862,4.474112510681152,False,1
4,411,2.929681936899821,4.449991226196289,True,0
4,412,2.935614744822184,4.476600646972656,False,1
4,413,2.9322257041931152,4.448301792144775,True,0
4,414,2.922582467397054,4.447745323181152,True,0
4,415,2.928560495376587,4.466567516326904,False,1
4,416,2.9192888736724854,4.442147731781006,True,0
4,417,2.917407830556234,4.439736366271973,True,0
4,418,2.9175637563069663,4.452463626861572,False,1
4,419,2.9214521249135337,4.423418521881104,True,0
4,420,2.914681831995646,4.443124294281006,False,1
4,421,2.912572701772054,4.443637371063232,False,2
4,422,2.907093604405721,4.430696964263916,False,3
4,423,2.9073456128438315,4.419501781463623,True,0
4,424,2.9047137101491294,4.443886756896973,False,1
4,425,2.9032889207204184,4.417115688323975,True,0
4,426,2.897701899210612,4.417763233184815,False,1
4,427,2.8975321451822915,4.427656650543213,False,2
4,428,2.9022621313730874,4.394052982330322,True,0
4,429,2.9016188780466714,4.429903507232666,False,1
4,430,2.8950517972310386,4.412024974822998,False,2
4,431,2.8955543835957847,4.406983375549316,False,3
4,432,2.894265333811442,4.383130073547363,True,0
4,433,2.889710028966268,4.395779609680176,False,1
4,434,2.889216423034668,4.408236503601074,False,2
4,435,2.8959370454152427,4.4114203453063965,False,3
4,436,2.889072815577189,4.376960277557373,True,0
4,437,2.883999506632487,4.38599157333374,False,1
4,438,2.888477166493734,4.402707576751709,False,2
4,439,2.876366376876831,4.386980056762695,False,3
4,440,2.881230592727661,4.383862495422363,False,4
4,441,2.878889322280884,4.369041442871094,True,0
4,442,2.8820954958597818,4.37850284576416,False,1
4,443,2.879310925801595,4.379515171051025,False,2
4,444,2.870705525080363,4.367435932159424,True,0
4,445,2.872575839360555,4.384436130523682,False,1
4,446,2.87011710802714,4.35727596282959,True,0
4,447,2.871468544006348,4.376009464263916,False,1
4,448,2.8667786916097007,4.376073837280273,False,2
4,449,2.8568212191263838,4.354445457458496,True,0
4,450,2.866660594940185,4.3670501708984375,False,1
4,451,2.8632520039876304,4.357411861419678,False,2
4,452,2.863591114679972,4.359321117401123,False,3
4,453,2.858883619308472,4.359634399414063,False,4
4,454,2.864851792653402,4.367271900177002,False,5
4,455,2.8588860034942627,4.362471580505371,False,6
4,456,2.862912813822428,4.347770690917969,True,0
4,457,2.85538641611735,4.340972423553467,True,0
4,458,2.8542568683624268,4.3383331298828125,True,0
4,459,2.849793036778768,4.360313892364502,False,1
4,460,2.8497368494669595,4.331604957580566,True,0
4,461,2.8481150468190517,4.337392330169678,False,1
4,462,2.852149804433187,4.33652400970459,False,2
4,463,2.8469545046488443,4.330582141876221,True,0
4,464,2.8468900521596274,4.341335773468018,False,1
4,465,2.839421113332113,4.33143949508667,False,2
4,466,2.8408745924631758,4.330056190490723,True,0
4,467,2.845296065012614,4.313654899597168,True,0
4,468,2.8386639753977456,4.333902359008789,False,1
4,469,2.8429434299468994,4.322733879089356,False,2
4,470,2.83223032951355,4.317291736602783,False,3
4,471,2.835365056991577,4.32002592086792,False,4
4,472,2.832310994466146,4.312016487121582,True,0
4,473,2.824049949645996,4.307128429412842,True,0
4,474,2.8284939924875894,4.315906524658203,False,1
4,475,2.825605154037476,4.3230719566345215,False,2
4,476,2.825504700342814,4.285480976104736,True,0
4,477,2.8243956565856934,4.310888290405273,False,1
4,478,2.8216702143351235,4.276297092437744,True,0
4,479,2.8167946338653564,4.309847831726074,False,1
4,480,2.818058649698893,4.286556720733643,False,2
4,481,2.8182742595672607,4.288228511810303,False,3
4,482,2.8125895659128823,4.27329158782959,True,0
4,483,2.814635912577311,4.272774696350098,True,0
4,484,2.813082297643026,4.296478748321533,False,1
4,485,2.807560602823893,4.2775726318359375,False,2
4,486,2.8094570636749268,4.272547721862793,True,0
4,487,2.813445568084717,4.278121948242188,False,1
4,488,2.8048692544301352,4.269584655761719,True,0
4,489,2.7999680836995444,4.264204502105713,True,0
4,490,2.802848974863688,4.271274566650391,False,1
4,491,2.803158760070801,4.271286487579346,False,2
4,492,2.803466558456421,4.247247219085693,True,0
4,493,2.8013366063435874,4.262437343597412,False,1
4,494,2.8025240898132324,4.274080276489258,False,2
4,495,2.796893040339152,4.2552876472473145,False,3
4,496,2.79499085744222,4.234591960906982,True,0
4,497,2.792913834253947,4.223946571350098,True,0
4,498,2.784448226292928,4.253839015960693,False,1
4,499,2.7920897801717124,4.251475811004639,False,2
4,500,2.78751540184021,4.247899532318115,False,3
4,501,2.7861433029174805,4.230928421020508,False,4
4,502,2.782456954320272,4.227534770965576,False,5
4,503,2.7857353687286377,4.248129367828369,False,6
4,504,2.78017791112264,4.245033264160156,False,7
4,505,2.775999943415324,4.218274593353272,True,0
4,506,2.7837161223093667,4.222172260284424,False,1
4,507,2.7734816869099936,4.228637218475342,False,2
4,508,2.7821489175160727,4.237873077392578,False,3
4,509,2.77299427986145,4.213644981384277,True,0
4,510,2.7771596113840737,4.203887939453125,True,0
4,511,2.772779862085978,4.229706764221191,False,1
4,512,2.768495400746664,4.22369384765625,False,2
4,513,2.772562821706136,4.224590301513672,False,3
4,514,2.765402634938558,4.218452453613281,False,4
4,515,2.767465432484945,4.206832885742188,False,5
4,516,2.7658758958180747,4.195619583129883,True,0
4,517,2.766780058542887,4.211779594421387,False,1
4,518,2.761156876881917,4.208695888519287,False,2
4,519,2.764324903488159,4.201216697692871,False,3
4,520,2.758629560470581,4.2226386070251465,False,4
4,521,2.7619903087615967,4.176898956298828,True,0
4,522,2.7610705693562827,4.208596706390381,False,1
4,523,2.752568483352661,4.196527004241943,False,2
4,524,2.7618184884389243,4.180735111236572,False,3
4,525,2.756398598353068,4.1976318359375,False,4
4,526,2.754124323527018,4.190893173217773,False,5
4,527,2.743570645650228,4.179905414581299,False,6
4,528,2.75458296140035,4.172648906707764,True,0
4,529,2.746516227722168,4.169521808624268,True,0
4,530,2.743977944056193,4.178235054016113,False,1
4,531,2.7481210231781006,4.214244842529297,False,2
4,532,2.746186097462972,4.178057193756104,False,3
4,533,2.7396645545959477,4.163090229034424,True,0
4,534,2.7400220235188804,4.15221643447876,True,0
4,535,2.7427899837493896,4.168754577636719,False,1
4,536,2.743249495824178,4.180253505706787,False,2
4,537,2.736728350321452,4.166451930999756,False,3
4,538,2.729135274887085,4.13616418838501,True,0
4,539,2.742698351542155,4.178003311157227,False,1
4,540,2.728469212849935,4.1458659172058105,False,2
4,541,2.735979159673055,4.160428524017334,False,3
4,542,2.732610066731771,4.157912731170654,False,4
4,543,2.7291677792867026,4.145125865936279,False,5
4,544,2.725831349690756,4.143191814422607,False,6
4,545,2.732131799062093,4.140843391418457,False,7
4,546,2.726144870122274,4.1567816734313965,False,8
4,547,2.72707192103068,4.132287979125977,True,0
4,548,2.7206252415974936,4.139961242675781,False,1
4,549,2.71921968460083,4.129322528839111,True,0
4,550,2.720741113026937,4.134826183319092,False,1
4,551,2.713425079981486,4.140363693237305,False,2
4,552,2.717052141825358,4.110579967498779,True,0
4,553,2.7139928340911865,4.112834930419922,False,1
4,554,2.7150111198425293,4.129477500915527,False,2
4,555,2.7114791870117188,4.134189605712891,False,3
4,556,2.707751989364624,4.126673698425293,False,4
4,557,2.7136752605438232,4.10417366027832,True,0
4,558,2.713519811630249,4.1161699295043945,False,1
4,559,2.71171498298645,4.104014873504639,True,0
4,560,2.709647258122762,4.114106178283691,False,1
4,561,2.70489772160848,4.103785514831543,True,0
4,562,2.705610990524292,4.08451509475708,True,0
4,563,2.70060666402181,4.087718486785889,False,1
4,564,2.702984889348348,4.0949578285217285,False,2
4,565,2.702459176381429,4.110419750213623,False,3
4,566,2.7055432001749677,4.087836742401123,False,4
4,567,2.693917989730835,4.081687927246094,True,0
4,568,2.6955057779947915,4.068285942077637,True,0
4,569,2.6909172534942627,4.084671497344971,False,1
4,570,2.687381188074748,4.093551158905029,False,2
4,571,2.6888740062713623,4.070267677307129,False,3
4,572,2.6916068394978843,4.04889440536499,True,0
4,573,2.6966452598571777,4.068636417388916,False,1
4,574,2.6915133794148765,4.078950881958008,False,2
4,575,2.6834936141967773,4.065097808837891,False,3
4,576,2.682243665059408,4.064817905426025,False,4
4,577,2.687941789627075,4.047592639923096,True,0
4,578,2.676928997039795,4.048227787017822,False,1
4,579,2.682489554087321,4.070248603820801,False,2
4,580,2.6769956747690835,4.049893856048584,False,3
4,581,2.677525281906128,4.051468849182129,False,4
4,582,2.6778622468312583,4.039209365844727,True,0
4,583,2.6746532917022705,4.044304370880127,False,1
4,584,2.6776365439097085,4.046360492706299,False,2
4,585,2.675495147705078,4.033384323120117,True,0
4,586,2.672398010889689,4.059316158294678,False,1
4,587,2.671677589416504,4.035881519317627,False,2
4,588,2.6713934739430747,4.021130561828613,True,0
4,589,2.6731155713399253,4.045319080352783,False,1
4,590,2.6657257874806723,4.022435665130615,False,2
4,591,2.672411839167277,4.030289173126221,False,3
4,592,2.664602518081665,4.022116661071777,False,4
4,593,2.6635348002115884,4.030822277069092,False,5
4,594,2.666302998860677,4.017061710357666,True,0
4,595,2.6604486306508384,4.017292022705078,False,1
4,596,2.662371555964152,4.014299392700195,True,0
4,597,2.663586378097534,4.036031246185303,False,1
4,598,2.662012894948324,4.0262770652771,False,2
4,599,2.660194714864095,4.001404285430908,True,0
4,600,2.6541311740875244,4.014338970184326,False,1
4,601,2.658364613850912,4.01012134552002,False,2
4,602,2.6553002198537192,3.987199068069458,True,0
4,603,2.651909828186035,4.012365341186523,False,1
4,604,2.651020765304565,4.014416217803955,False,2
4,605,2.656227191289266,4.001282215118408,False,3
4,606,2.655590454737345,4.005422592163086,False,4
4,607,2.653292735417684,4.004910469055176,False,5
4,608,2.6443938414255777,4.004952907562256,False,6
4,609,2.646113475163778,3.988149642944336,False,7
4,610,2.648414929707845,3.982557058334351,True,0
4,611,2.641565084457397,4.002452850341797,False,1
4,612,2.6469529469807944,3.998921871185303,False,2
4,613,2.651010831197103,3.972889661788941,True,0
4,614,2.6408871014912925,4.000518321990967,False,1
4,615,2.6443169911702475,3.975618600845337,False,2
4,616,2.637692848841349,3.981198787689209,False,3
4,617,2.6377514203389487,3.9989898204803462,False,4
4,618,2.635217428207397,3.981797695159912,False,5
4,619,2.639842828114828,3.962481021881104,True,0
4,620,2.643103758494059,3.9889206886291504,False,1
4,621,2.640792290369669,3.9808430671691895,False,2
4,622,2.635470708211263,3.982067584991455,False,3
4,623,2.633373498916626,3.960531234741211,True,0
4,624,2.6365907986958823,3.962535858154297,False,1
4,625,2.6397902170817056,3.994539499282837,False,2
4,626,2.640775680541992,3.980348825454712,False,3
4,627,2.62859845161438,3.9681432247161865,False,4
4,628,2.6313962936401367,3.9436187744140634,True,0
4,629,2.622993469238281,3.983847379684448,False,1
4,630,2.627852280934652,3.956465244293213,False,2
4,631,2.6310923099517822,3.959247350692749,False,3
4,632,2.624845345815023,3.969677448272705,False,4
4,633,2.625863075256348,3.950559139251709,False,5
4,634,2.6257002353668213,3.9662585258483887,False,6
4,635,2.62766965230306,3.95868444442749,False,7
4,636,2.621483405431112,3.950207710266113,False,8
4,637,2.628981113433838,3.965164422988892,False,9
4,638,2.617008924484253,3.955995798110962,False,10
4,639,2.625329971313477,3.9441986083984375,False,11
4,640,2.6152400970458984,3.951296329498291,False,12
