split,seed,architecture,score_source,decision,budget,flight_label,n_events,detected_events,event_onset_recall,false_alarm_events,normal_hours,false_alarms_per_hour,avg_detection_time_s,max_detection_time_s
split_00,0,usad,usad_relerr,threshold,critical,altitude_anomaly,114,3,0.02631578947368421,7,1.4421181852777778,4.853971104075408,9.010534333333341,24.99839300000002
split_00,0,usad,usad_relerr,threshold,critical,external_position_anomaly,185,84,0.4540540540540541,129,2.7663557002777774,46.631747315447086,5.376590523809524,65.10561899999999
split_00,0,usad,usad_relerr,threshold,critical,global_position_anomaly,51,10,0.19607843137254902,22,0.6878973927777778,31.981513857993356,4.511659299999998,20.95106499999997
split_00,0,usad,usad_relerr,threshold,critical,mechanical_fault,43,0,0.0,9,1.299568493888889,6.925375647625915,,
split_00,0,usad,usad_relerr,threshold,critical,normal,0,0,,110,27.959377571111112,3.9342792850173085,,
split_00,0,usad,usad_relerr,k_of_n,critical,altitude_anomaly,114,1,0.008771929824561403,10,1.4421181852777778,6.934244434393441,1.012785000000001,1.012785000000001
split_00,0,usad,usad_relerr,k_of_n,critical,external_position_anomaly,185,71,0.3837837837837838,95,2.7663557002777774,34.34120926331375,7.001648070422531,67.10841199999999
split_00,0,usad,usad_relerr,k_of_n,critical,global_position_anomaly,51,5,0.09803921568627451,27,0.6878973927777778,39.250039734810024,4.828445399999995,8.948671999999988
split_00,0,usad,usad_relerr,k_of_n,critical,mechanical_fault,43,0,0.0,6,1.299568493888889,4.616917098417277,,
split_00,0,usad,usad_relerr,k_of_n,critical,normal,0,0,,95,27.959377571111112,3.397786655242221,,
split_00,0,usad,usad_relerr,cusum,critical,altitude_anomaly,114,0,0.0,1,1.4421181852777778,0.6934244434393441,,
split_00,0,usad,usad_relerr,cusum,critical,external_position_anomaly,185,26,0.14054054054054055,25,2.7663557002777774,9.037160332450986,30.47973688461537,90.15150399999999
split_00,0,usad,usad_relerr,cusum,critical,global_position_anomaly,51,15,0.29411764705882354,25,0.6878973927777778,36.34262938408336,22.113233733333338,55.87771900000001
split_00,0,usad,usad_relerr,cusum,critical,mechanical_fault,43,0,0.0,4,1.299568493888889,3.0779447322781848,,
split_00,0,usad,usad_relerr,cusum,critical,normal,0,0,,22,27.959377571111112,0.7868558570034617,,
split_00,0,usad,usad_relerr,threshold,advisory,altitude_anomaly,114,8,0.07017543859649122,30,1.4421181852777778,20.80273330318032,6.771252125,24.99839300000002
split_00,0,usad,usad_relerr,threshold,advisory,external_position_anomaly,185,97,0.5243243243243243,205,2.7663557002777774,74.10471472609808,5.26623049484536,60.09712000000002
split_00,0,usad,usad_relerr,threshold,advisory,global_position_anomaly,51,12,0.23529411764705882,39,0.6878973927777778,56.69450183917004,3.164576416666666,10.964572999999973
split_00,0,usad,usad_relerr,threshold,advisory,mechanical_fault,43,0,0.0,14,1.299568493888889,10.772806562973646,,
split_00,0,usad,usad_relerr,threshold,advisory,normal,0,0,,336,27.959377571111112,12.017434906961961,,
split_00,0,usad,usad_relerr,k_of_n,advisory,altitude_anomaly,114,6,0.05263157894736842,40,1.4421181852777778,27.736977737573763,2.982124666666668,5.997671
split_00,0,usad,usad_relerr,k_of_n,advisory,external_position_anomaly,185,85,0.4594594594594595,157,2.7663557002777774,56.7533668877922,7.045982376470586,36.09170700000001
split_00,0,usad,usad_relerr,k_of_n,advisory,global_position_anomaly,51,8,0.1568627450980392,39,0.6878973927777778,56.69450183917004,4.272766250000002,10.964572999999973
split_00,0,usad,usad_relerr,k_of_n,advisory,mechanical_fault,43,0,0.0,13,1.299568493888889,10.0033203799041,,
split_00,0,usad,usad_relerr,k_of_n,advisory,normal,0,0,,302,27.959377571111112,10.801384946138429,,
split_00,0,usad,usad_relerr,cusum,advisory,altitude_anomaly,114,7,0.06140350877192982,23,1.4421181852777778,15.948762199104914,30.12125099999998,96.04948300000001
split_00,0,usad,usad_relerr,cusum,advisory,external_position_anomaly,185,66,0.3567567567567568,113,2.7663557002777774,40.84796470267846,10.941235848484848,35.064007000000004
split_00,0,usad,usad_relerr,cusum,advisory,global_position_anomaly,51,28,0.5490196078431373,45,0.6878973927777778,65.41673289135005,9.758933178571434,33.990216000000004
split_00,0,usad,usad_relerr,cusum,advisory,mechanical_fault,43,0,0.0,7,1.299568493888889,5.386403281486823,,
split_00,0,usad,usad_relerr,cusum,advisory,normal,0,0,,226,27.959377571111112,8.083155621944652,,
split_00,0,usad,usad_rankpct,threshold,critical,altitude_anomaly,114,1,0.008771929824561403,0,1.4421181852777778,0.0,24.99839300000002,24.99839300000002
split_00,0,usad,usad_rankpct,threshold,critical,external_position_anomaly,185,72,0.3891891891891892,87,2.7663557002777774,31.44931795692943,11.18274215277778,79.93473900000002
split_00,0,usad,usad_rankpct,threshold,critical,global_position_anomaly,51,7,0.13725490196078433,4,0.6878973927777778,5.814820701453337,13.419136285714286,67.89696400000003
split_00,0,usad,usad_rankpct,threshold,critical,mechanical_fault,43,0,0.0,6,1.299568493888889,4.616917098417277,,
split_00,0,usad,usad_rankpct,threshold,critical,normal,0,0,,101,27.959377571111112,3.612383707152256,,
split_00,0,usad,usad_rankpct,k_of_n,critical,altitude_anomaly,114,0,0.0,6,1.4421181852777778,4.160546660636065,,
split_00,0,usad,usad_rankpct,k_of_n,critical,external_position_anomaly,185,71,0.3837837837837838,98,2.7663557002777774,35.425668503207866,10.829283943661975,63.961658
split_00,0,usad,usad_rankpct,k_of_n,critical,global_position_anomaly,51,4,0.0784313725490196,7,0.6878973927777778,10.17593622754334,21.28707125000003,70.9903250000001
split_00,0,usad,usad_rankpct,k_of_n,critical,mechanical_fault,43,0,0.0,7,1.299568493888889,5.386403281486823,,
split_00,0,usad,usad_rankpct,k_of_n,critical,normal,0,0,,141,27.959377571111112,5.043030719885823,,
split_00,0,usad,usad_rankpct,cusum,critical,altitude_anomaly,114,0,0.0,3,1.4421181852777778,2.0802733303180325,,
split_00,0,usad,usad_rankpct,cusum,critical,external_position_anomaly,185,27,0.14594594594594595,32,2.7663557002777774,11.567565225537262,27.235152777777785,86.157236
split_00,0,usad,usad_rankpct,cusum,critical,global_position_anomaly,51,9,0.17647058823529413,10,0.6878973927777778,14.537051753633342,21.4266408888889,54.04915199999999
split_00,0,usad,usad_rankpct,cusum,critical,mechanical_fault,43,0,0.0,4,1.299568493888889,3.0779447322781848,,
split_00,0,usad,usad_rankpct,cusum,critical,normal,0,0,,46,27.959377571111112,1.6452440646436017,,
split_00,0,usad,usad_rankpct,threshold,advisory,altitude_anomaly,114,7,0.06140350877192982,41,1.4421181852777778,28.430402181013108,6.315647428571432,24.99839300000002
split_00,0,usad,usad_rankpct,threshold,advisory,external_position_anomaly,185,109,0.5891891891891892,295,2.7663557002777774,106.63849192292163,6.700658394495413,65.99316600000002
split_00,0,usad,usad_rankpct,threshold,advisory,global_position_anomaly,51,17,0.3333333333333333,31,0.6878973927777778,45.064860436263366,19.234626294117646,166.96193900000003
split_00,0,usad,usad_rankpct,threshold,advisory,mechanical_fault,43,2,0.046511627906976744,19,1.299568493888889,14.620237478321377,13.481589499999984,26.96317899999997
split_00,0,usad,usad_rankpct,threshold,advisory,normal,0,0,,494,27.959377571111112,17.66849060725955,,
split_00,0,usad,usad_rankpct,k_of_n,advisory,altitude_anomaly,114,8,0.07017543859649122,50,1.4421181852777778,34.67122217196721,8.254911874999998,39.995192
split_00,0,usad,usad_rankpct,k_of_n,advisory,external_position_anomaly,185,82,0.44324324324324327,221,2.7663557002777774,79.88849733886671,7.07923035365854,54.00396700000002
split_00,0,usad,usad_rankpct,k_of_n,advisory,global_position_anomaly,51,5,0.09803921568627451,30,0.6878973927777778,43.61115526090003,17.204148599999993,41.855165
split_00,0,usad,usad_rankpct,k_of_n,advisory,mechanical_fault,43,4,0.09302325581395349,20,1.299568493888889,15.389723661390924,15.442076499999985,27.879136000000017
split_00,0,usad,usad_rankpct,k_of_n,advisory,normal,0,0,,411,27.959377571111112,14.699898055837398,,
split_00,0,usad,usad_rankpct,cusum,advisory,altitude_anomaly,114,8,0.07017543859649122,28,1.4421181852777778,19.415884416301633,34.97724062500001,147.00708999999998
split_00,0,usad,usad_rankpct,cusum,advisory,external_position_anomaly,185,79,0.42702702702702705,130,2.7663557002777774,46.99323372874513,11.199643,44.079406000000034
split_00,0,usad,usad_rankpct,cusum,advisory,global_position_anomaly,51,22,0.43137254901960786,29,0.6878973927777778,42.157450085536695,24.955080318181817,46.917550000000006
split_00,0,usad,usad_rankpct,cusum,advisory,mechanical_fault,43,1,0.023255813953488372,9,1.299568493888889,6.925375647625915,0.0,0.0
split_00,0,usad,usad_rankpct,cusum,advisory,normal,0,0,,292,27.959377571111112,10.443723192955037,,
split_01,1,usad,usad_relerr,threshold,critical,altitude_anomaly,114,19,0.16666666666666666,107,1.4421181852777778,74.19641544800982,6.212063210526316,43.013206999999966
split_01,1,usad,usad_relerr,threshold,critical,external_position_anomaly,185,89,0.4810810810810811,245,2.7663557002777774,88.56417125801967,4.2886,32.03156000000001
split_01,1,usad,usad_relerr,threshold,critical,global_position_anomaly,51,4,0.0784313725490196,17,0.6878973927777778,24.712987981176685,2.2801425,4.050720999999996
split_01,1,usad,usad_relerr,threshold,critical,mechanical_fault,43,1,0.023255813953488372,4,1.299568493888889,3.0779447322781848,3.9689970000000017,3.9689970000000017
split_01,1,usad,usad_relerr,threshold,critical,normal,0,0,,526,27.63281452361111,19.035339290196244,,
split_01,1,usad,usad_relerr,k_of_n,critical,altitude_anomaly,114,19,0.16666666666666666,72,1.4421181852777778,49.92655992763277,7.988475842105262,53.98689999999999
split_01,1,usad,usad_relerr,k_of_n,critical,external_position_anomaly,185,85,0.4594594594594595,154,2.7663557002777774,55.668907647898074,5.610173423529411,32.057963
split_01,1,usad,usad_relerr,k_of_n,critical,global_position_anomaly,51,3,0.058823529411764705,16,0.6878973927777778,23.25928280581335,4.386373000000002,6.075935999999999
split_01,1,usad,usad_relerr,k_of_n,critical,mechanical_fault,43,0,0.0,5,1.299568493888889,3.847430915347731,,
split_01,1,usad,usad_relerr,k_of_n,critical,normal,0,0,,311,27.63281452361111,11.254734827473445,,
split_01,1,usad,usad_relerr,cusum,critical,altitude_anomaly,114,5,0.043859649122807015,15,1.4421181852777778,10.40136665159016,17.40141380000001,42.99045700000005
split_01,1,usad,usad_relerr,cusum,critical,external_position_anomaly,185,22,0.11891891891891893,42,2.7663557002777774,15.182429358517657,33.767453272727266,92.16841899999999
split_01,1,usad,usad_relerr,cusum,critical,global_position_anomaly,51,17,0.3333333333333333,17,0.6878973927777778,24.712987981176685,22.581027941176465,61.95455000000004
split_01,1,usad,usad_relerr,cusum,critical,mechanical_fault,43,1,0.023255813953488372,7,1.299568493888889,5.386403281486823,0.0,0.0
split_01,1,usad,usad_relerr,cusum,critical,normal,0,0,,120,27.63281452361111,4.342662955938307,,
split_01,1,usad,usad_relerr,threshold,advisory,altitude_anomaly,114,8,0.07017543859649122,39,1.4421181852777778,27.04355329413442,6.493828875000009,24.99839300000002
split_01,1,usad,usad_relerr,threshold,advisory,external_position_anomaly,185,74,0.4,148,2.7663557002777774,53.49998916810984,4.012819216216214,30.054137999999995
split_01,1,usad,usad_relerr,threshold,advisory,global_position_anomaly,51,11,0.21568627450980393,55,0.6878973927777778,79.95378464498339,3.9251223636363606,25.013423999999986
split_01,1,usad,usad_relerr,threshold,advisory,mechanical_fault,43,3,0.06976744186046512,42,1.299568493888889,32.31841968892094,2.9506366666666586,3.9689970000000017
split_01,1,usad,usad_relerr,threshold,advisory,normal,0,0,,478,27.63281452361111,17.298274107820923,,
split_01,1,usad,usad_relerr,k_of_n,advisory,altitude_anomaly,114,7,0.06140350877192982,39,1.4421181852777778,27.04355329413442,2.976362142857147,5.997671
split_01,1,usad,usad_relerr,k_of_n,advisory,external_position_anomaly,185,48,0.2594594594594595,116,2.7663557002777774,41.932423942572576,5.2763727916666605,32.057963
split_01,1,usad,usad_relerr,k_of_n,advisory,global_position_anomaly,51,5,0.09803921568627451,43,0.6878973927777778,62.50932254062337,10.845234599999989,22.987937999999986
split_01,1,usad,usad_relerr,k_of_n,advisory,mechanical_fault,43,0,0.0,16,1.299568493888889,12.311778929112739,,
split_01,1,usad,usad_relerr,k_of_n,advisory,normal,0,0,,329,27.63281452361111,11.906134270864191,,
split_01,1,usad,usad_relerr,cusum,advisory,altitude_anomaly,114,15,0.13157894736842105,60,1.4421181852777778,41.60546660636064,15.481976266666665,43.013206999999966
split_01,1,usad,usad_relerr,cusum,advisory,external_position_anomaly,185,75,0.40540540540540543,146,2.7663557002777774,52.77701634151376,11.045941959999997,41.072492
split_01,1,usad,usad_relerr,cusum,advisory,global_position_anomaly,51,24,0.47058823529411764,31,0.6878973927777778,45.064860436263366,11.780690250000005,33.98957600000003
split_01,1,usad,usad_relerr,cusum,advisory,mechanical_fault,43,0,0.0,21,1.299568493888889,16.15920984446047,,
split_01,1,usad,usad_relerr,cusum,advisory,normal,0,0,,429,27.63281452361111,15.525020067479447,,
split_01,1,usad,usad_rankpct,threshold,critical,altitude_anomaly,114,3,0.02631578947368421,21,1.4421181852777778,14.561913312226226,3.3889506666666676,5.081461999999995
split_01,1,usad,usad_rankpct,threshold,critical,external_position_anomaly,185,97,0.5243243243243243,141,2.7663557002777774,50.969584275023564,4.798752175257731,63.05880100000002
split_01,1,usad,usad_rankpct,threshold,critical,global_position_anomaly,51,4,0.0784313725490196,13,0.6878973927777778,18.898167279723346,2.0255314999999996,4.050720999999996
split_01,1,usad,usad_rankpct,threshold,critical,mechanical_fault,43,2,0.046511627906976744,6,1.299568493888889,4.616917098417277,13.985342500000002,24.001688
split_01,1,usad,usad_rankpct,threshold,critical,normal,0,0,,299,27.63281452361111,10.820468531879614,,
split_01,1,usad,usad_rankpct,k_of_n,critical,altitude_anomaly,114,3,0.02631578947368421,38,1.4421181852777778,26.350128850695075,2.9821133333333343,5.997671
split_01,1,usad,usad_rankpct,k_of_n,critical,external_position_anomaly,185,94,0.5081081081081081,150,2.7663557002777774,54.22296199470592,5.677610925531914,54.047971000000075
split_01,1,usad,usad_rankpct,k_of_n,critical,global_position_anomaly,51,2,0.0392156862745098,14,0.6878973927777778,20.35187245508668,5.563561499999999,6.075935999999999
split_01,1,usad,usad_rankpct,k_of_n,critical,mechanical_fault,43,1,0.023255813953488372,7,1.299568493888889,5.386403281486823,24.918386999999996,24.918386999999996
split_01,1,usad,usad_rankpct,k_of_n,critical,normal,0,0,,334,27.63281452361111,12.087078560694954,,
split_01,1,usad,usad_rankpct,cusum,critical,altitude_anomaly,114,3,0.02631578947368421,14,1.4421181852777778,9.707942208150817,41.34763066666667,82.02917100000002
split_01,1,usad,usad_rankpct,cusum,critical,external_position_anomaly,185,23,0.12432432432432433,41,2.7663557002777774,14.820942945219617,32.41280208695651,86.157236
split_01,1,usad,usad_rankpct,cusum,critical,global_position_anomaly,51,19,0.37254901960784315,8,0.6878973927777778,11.629641402906675,26.044642368421062,62.88976100000002
split_01,1,usad,usad_rankpct,cusum,critical,mechanical_fault,43,2,0.046511627906976744,4,1.299568493888889,3.0779447322781848,11.958156499999973,21.983982999999967
split_01,1,usad,usad_rankpct,cusum,critical,normal,0,0,,88,27.63281452361111,3.184619501021425,,
split_01,1,usad,usad_rankpct,threshold,advisory,altitude_anomaly,114,12,0.10526315789473684,59,1.4421181852777778,40.9120421629213,3.167764583333334,14.033804999999973
split_01,1,usad,usad_rankpct,threshold,advisory,external_position_anomaly,185,60,0.32432432432432434,181,2.7663557002777774,65.42904080694514,4.232439033333331,30.054137999999995
split_01,1,usad,usad_rankpct,threshold,advisory,global_position_anomaly,51,3,0.058823529411764705,18,0.6878973927777778,26.166693156540017,2.360158333333331,4.050720999999996
split_01,1,usad,usad_rankpct,threshold,advisory,mechanical_fault,43,6,0.13953488372093023,21,1.299568493888889,16.15920984446047,9.650393833333311,23.00514800000002
split_01,1,usad,usad_rankpct,threshold,advisory,normal,0,0,,483,27.63281452361111,17.479218397651685,,
split_01,1,usad,usad_rankpct,k_of_n,advisory,altitude_anomaly,114,6,0.05263157894736842,32,1.4421181852777778,22.18958219005901,5.322213333333335,15.055696000000012
split_01,1,usad,usad_rankpct,k_of_n,advisory,external_position_anomaly,185,51,0.2756756756756757,121,2.7663557002777774,43.73985600906278,5.715532666666662,32.057963
split_01,1,usad,usad_rankpct,k_of_n,advisory,global_position_anomaly,51,2,0.0392156862745098,15,0.6878973927777778,21.805577630450014,5.563561499999999,6.075935999999999
split_01,1,usad,usad_rankpct,k_of_n,advisory,mechanical_fault,43,5,0.11627906976744186,20,1.299568493888889,15.389723661390924,9.179127199999972,19.94304299999999
split_01,1,usad,usad_rankpct,k_of_n,advisory,normal,0,0,,317,27.63281452361111,11.47186797527036,,
split_01,1,usad,usad_rankpct,cusum,advisory,altitude_anomaly,114,11,0.09649122807017543,53,1.4421181852777778,36.75149550228524,21.000272363636363,45.972033999999994
split_01,1,usad,usad_rankpct,cusum,advisory,external_position_anomaly,185,78,0.42162162162162165,140,2.7663557002777774,50.608097861725525,12.536757282051282,61.15348
split_01,1,usad,usad_rankpct,cusum,advisory,global_position_anomaly,51,24,0.47058823529411764,27,0.6878973927777778,39.250039734810024,15.07278675,33.00536199999999
split_01,1,usad,usad_rankpct,cusum,advisory,mechanical_fault,43,2,0.046511627906976744,18,1.299568493888889,13.85075129525183,10.986016499999977,13.935276999999985
split_01,1,usad,usad_rankpct,cusum,advisory,normal,0,0,,385,27.63281452361111,13.932710316968734,,
split_02,2,usad,usad_relerr,threshold,critical,altitude_anomaly,114,1,0.008771929824561403,1,1.4421181852777778,0.6934244434393441,24.99839300000002,24.99839300000002
split_02,2,usad,usad_relerr,threshold,critical,external_position_anomaly,185,53,0.2864864864864865,130,2.7663557002777774,46.99323372874513,9.262804584905659,70.11310600000002
split_02,2,usad,usad_relerr,threshold,critical,global_position_anomaly,51,8,0.1568627450980392,19,0.6878973927777778,27.620398331903353,3.0213802499999964,7.016041000000001
split_02,2,usad,usad_relerr,threshold,critical,mechanical_fault,43,2,0.046511627906976744,9,1.299568493888889,6.925375647625915,1.9844985000000008,3.9689970000000017
split_02,2,usad,usad_relerr,threshold,critical,normal,0,0,,91,28.125436730277777,3.235505314021883,,
split_02,2,usad,usad_relerr,k_of_n,critical,altitude_anomaly,114,0,0.0,2,1.4421181852777778,1.3868488868786881,,
split_02,2,usad,usad_relerr,k_of_n,critical,external_position_anomaly,185,37,0.2,93,2.7663557002777774,33.618236436717666,8.899862270270262,33.02845399999998
split_02,2,usad,usad_relerr,k_of_n,critical,global_position_anomaly,51,8,0.1568627450980392,21,0.6878973927777778,30.52780868263002,7.761984999999996,22.983828999999957
split_02,2,usad,usad_relerr,k_of_n,critical,mechanical_fault,43,1,0.023255813953488372,8,1.299568493888889,6.1558894645563695,0.966417999999976,0.966417999999976
split_02,2,usad,usad_relerr,k_of_n,critical,normal,0,0,,49,28.125436730277777,1.7421951690887063,,
split_02,2,usad,usad_relerr,cusum,critical,altitude_anomaly,114,1,0.008771929824561403,1,1.4421181852777778,0.6934244434393441,35.07483500000001,35.07483500000001
split_02,2,usad,usad_relerr,cusum,critical,external_position_anomaly,185,24,0.12972972972972974,28,2.7663557002777774,10.121619572345105,25.19912683333332,76.12675899999999
split_02,2,usad,usad_relerr,cusum,critical,global_position_anomaly,51,17,0.3333333333333333,34,0.6878973927777778,49.42597596235337,16.41102135294118,44.94966500000004
split_02,2,usad,usad_relerr,cusum,critical,mechanical_fault,43,3,0.06976744186046512,25,1.299568493888889,19.237154576738654,3.997978666666635,5.998731999999961
split_02,2,usad,usad_relerr,cusum,critical,normal,0,0,,240,28.125436730277777,8.533200828189582,,
split_02,2,usad,usad_relerr,threshold,advisory,altitude_anomaly,114,7,0.06140350877192982,25,1.4421181852777778,17.335611085983604,5.60448314285714,24.99839300000002
split_02,2,usad,usad_relerr,threshold,advisory,external_position_anomaly,185,71,0.3837837837837838,196,2.7663557002777774,70.85133700641573,7.139215000000002,50.08316300000001
split_02,2,usad,usad_relerr,threshold,advisory,global_position_anomaly,51,5,0.09803921568627451,50,0.6878973927777778,72.68525876816672,2.2305530000000005,4.050720999999996
split_02,2,usad,usad_relerr,threshold,advisory,mechanical_fault,43,12,0.27906976744186046,116,1.299568493888889,89.26039723606736,13.586255416666662,33.97825399999999
split_02,2,usad,usad_relerr,threshold,advisory,normal,0,0,,975,28.125436730277777,34.666128364520176,,
split_02,2,usad,usad_relerr,k_of_n,advisory,altitude_anomaly,114,6,0.05263157894736842,34,1.4421181852777778,23.5764310769377,4.338714500000006,9.965688999999998
split_02,2,usad,usad_relerr,k_of_n,advisory,external_position_anomaly,185,51,0.2756756756756757,140,2.7663557002777774,50.608097861725525,9.477134980392155,47.066843000000006
split_02,2,usad,usad_relerr,k_of_n,advisory,global_position_anomaly,51,6,0.11764705882352941,42,0.6878973927777778,61.05561736526004,3.551598166666667,6.111601000000007
split_02,2,usad,usad_relerr,k_of_n,advisory,mechanical_fault,43,5,0.11627906976744186,55,1.299568493888889,42.32174006882504,9.02840999999998,24.017493
split_02,2,usad,usad_relerr,k_of_n,advisory,normal,0,0,,443,28.125436730277777,15.750866528699936,,
split_02,2,usad,usad_relerr,cusum,advisory,altitude_anomaly,114,2,0.017543859649122806,20,1.4421181852777778,13.868488868786882,0.0,0.0
split_02,2,usad,usad_relerr,cusum,advisory,external_position_anomaly,185,42,0.22702702702702704,114,2.7663557002777774,41.2094511159765,11.349860499999995,33.060280000000006
split_02,2,usad,usad_relerr,cusum,advisory,global_position_anomaly,51,31,0.6078431372549019,61,0.6878973927777778,88.6760156971634,11.538486741935477,35.015664999999984
split_02,2,usad,usad_relerr,cusum,advisory,mechanical_fault,43,8,0.18604651162790697,77,1.299568493888889,59.25043609635505,10.746478125000003,22.983899000000008
split_02,2,usad,usad_relerr,cusum,advisory,normal,0,0,,879,28.125436730277777,31.25284803324434,,
split_02,2,usad,usad_rankpct,threshold,critical,altitude_anomaly,114,1,0.008771929824561403,7,1.4421181852777778,4.853971104075408,24.99839300000002,24.99839300000002
split_02,2,usad,usad_rankpct,threshold,critical,external_position_anomaly,185,64,0.34594594594594597,128,2.7663557002777774,46.27026090214905,10.267537296875002,62.948477000000025
split_02,2,usad,usad_rankpct,threshold,critical,global_position_anomaly,51,4,0.0784313725490196,5,0.6878973927777778,7.268525876816671,30.051482250000003,75.07794200000001
split_02,2,usad,usad_rankpct,threshold,critical,mechanical_fault,43,3,0.06976744186046512,16,1.299568493888889,12.311778929112739,14.980549999999985,24.001688
split_02,2,usad,usad_rankpct,threshold,critical,normal,0,0,,117,28.125436730277777,4.159935403742421,,
split_02,2,usad,usad_rankpct,k_of_n,critical,altitude_anomaly,114,0,0.0,4,1.4421181852777778,2.7736977737573763,,
split_02,2,usad,usad_rankpct,k_of_n,critical,external_position_anomaly,185,55,0.2972972972972973,87,2.7663557002777774,31.44931795692943,9.832671472727274,63.961658
split_02,2,usad,usad_rankpct,k_of_n,critical,global_position_anomaly,51,2,0.0392156862745098,5,0.6878973927777778,7.268525876816671,35.103055499999996,44.090149
split_02,2,usad,usad_rankpct,k_of_n,critical,mechanical_fault,43,2,0.046511627906976744,13,1.299568493888889,10.0033203799041,10.976634499999975,19.004676999999987
split_02,2,usad,usad_rankpct,k_of_n,critical,normal,0,0,,83,28.125436730277777,2.9510652864155635,,
split_02,2,usad,usad_rankpct,cusum,critical,altitude_anomaly,114,0,0.0,0,1.4421181852777778,0.0,,
split_02,2,usad,usad_rankpct,cusum,critical,external_position_anomaly,185,28,0.15135135135135136,33,2.7663557002777774,11.929051638835302,28.533190250000008,92.85954500000003
split_02,2,usad,usad_rankpct,cusum,critical,global_position_anomaly,51,14,0.27450980392156865,9,0.6878973927777778,13.083346578270008,35.82789349999999,80.94071599999984
split_02,2,usad,usad_rankpct,cusum,critical,mechanical_fault,43,3,0.06976744186046512,16,1.299568493888889,12.311778929112739,15.697485,24.099545000000006
split_02,2,usad,usad_rankpct,cusum,critical,normal,0,0,,102,28.125436730277777,3.626610351980572,,
split_02,2,usad,usad_rankpct,threshold,advisory,altitude_anomaly,114,4,0.03508771929824561,27,1.4421181852777778,18.722459972862293,8.536794500000006,24.99839300000002
split_02,2,usad,usad_rankpct,threshold,advisory,external_position_anomaly,185,95,0.5135135135135135,273,2.7663557002777774,98.68579083036477,7.356486505263159,65.99316600000002
split_02,2,usad,usad_rankpct,threshold,advisory,global_position_anomaly,51,15,0.29411764705882354,31,0.6878973927777778,45.064860436263366,23.26318513333334,166.96193900000003
split_02,2,usad,usad_rankpct,threshold,advisory,mechanical_fault,43,9,0.20930232558139536,26,1.299568493888889,20.0066407598082,13.454932888888871,33.97825399999999
split_02,2,usad,usad_rankpct,threshold,advisory,normal,0,0,,400,28.125436730277777,14.22200138031597,,
split_02,2,usad,usad_rankpct,k_of_n,advisory,altitude_anomaly,114,5,0.043859649122807015,28,1.4421181852777778,19.415884416301633,4.228108000000015,9.965688999999998
split_02,2,usad,usad_rankpct,k_of_n,advisory,external_position_anomaly,185,70,0.3783783783783784,197,2.7663557002777774,71.21282341971377,8.071106285714285,54.00396700000002
split_02,2,usad,usad_rankpct,k_of_n,advisory,global_position_anomaly,51,5,0.09803921568627451,23,0.6878973927777778,33.43521903335669,7.208998399999993,20.95106499999997
split_02,2,usad,usad_rankpct,k_of_n,advisory,mechanical_fault,43,9,0.20930232558139536,42,1.299568493888889,32.31841968892094,15.98215544444444,31.028773
split_02,2,usad,usad_rankpct,k_of_n,advisory,normal,0,0,,420,28.125436730277777,14.933101449331767,,
split_02,2,usad,usad_rankpct,cusum,advisory,altitude_anomaly,114,3,0.02631578947368421,23,1.4421181852777778,15.948762199104914,9.015860999999992,27.047582999999975
split_02,2,usad,usad_rankpct,cusum,advisory,external_position_anomaly,185,69,0.372972972972973,121,2.7663557002777774,43.73985600906278,12.289768898550724,42.00631200000001
split_02,2,usad,usad_rankpct,cusum,advisory,global_position_anomaly,51,27,0.5294117647058824,35,0.6878973927777778,50.8796811377167,18.41616677777777,44.13247000000001
split_02,2,usad,usad_rankpct,cusum,advisory,mechanical_fault,43,8,0.18604651162790697,60,1.299568493888889,46.16917098417277,11.264739750000004,39.06840300000002
split_02,2,usad,usad_rankpct,cusum,advisory,normal,0,0,,555,28.125436730277777,19.733026915188407,,
split_03,3,usad,usad_relerr,threshold,critical,altitude_anomaly,114,0,0.0,2,1.4421181852777778,1.3868488868786881,,
split_03,3,usad,usad_relerr,threshold,critical,external_position_anomaly,185,61,0.32972972972972975,53,2.7663557002777774,19.15877990479609,7.796606918032788,61.07983399999999
split_03,3,usad,usad_relerr,threshold,critical,global_position_anomaly,51,14,0.27450980392156865,26,0.6878973927777778,37.79633455944669,20.799815428571428,156.03310699999997
split_03,3,usad,usad_relerr,threshold,critical,mechanical_fault,43,1,0.023255813953488372,9,1.299568493888889,6.925375647625915,3.9689970000000017,3.9689970000000017
split_03,3,usad,usad_relerr,threshold,critical,normal,0,0,,19,28.482267307222223,0.667081724746758,,
split_03,3,usad,usad_relerr,k_of_n,critical,altitude_anomaly,114,0,0.0,2,1.4421181852777778,1.3868488868786881,,
split_03,3,usad,usad_relerr,k_of_n,critical,external_position_anomaly,185,49,0.2648648648648649,42,2.7663557002777774,15.182429358517657,12.015885571428568,67.10841199999999
split_03,3,usad,usad_relerr,k_of_n,critical,global_position_anomaly,51,12,0.23529411764705882,64,0.6878973927777778,93.0371312232534,10.171244583333335,43.93697400000002
split_03,3,usad,usad_relerr,k_of_n,critical,mechanical_fault,43,0,0.0,5,1.299568493888889,3.847430915347731,,
split_03,3,usad,usad_relerr,k_of_n,critical,normal,0,0,,35,28.482267307222223,1.228834756112449,,
split_03,3,usad,usad_relerr,cusum,critical,altitude_anomaly,114,0,0.0,0,1.4421181852777778,0.0,,
split_03,3,usad,usad_relerr,cusum,critical,external_position_anomaly,185,8,0.043243243243243246,8,2.7663557002777774,2.8918913063843155,54.60597549999997,87.000855
split_03,3,usad,usad_relerr,cusum,critical,global_position_anomaly,51,20,0.39215686274509803,18,0.6878973927777778,26.166693156540017,29.82431360000001,72.99979399999998
split_03,3,usad,usad_relerr,cusum,critical,mechanical_fault,43,0,0.0,4,1.299568493888889,3.0779447322781848,,
split_03,3,usad,usad_relerr,cusum,critical,normal,0,0,,9,28.482267307222223,0.3159860801432012,,
split_03,3,usad,usad_relerr,threshold,advisory,altitude_anomaly,114,4,0.03508771929824561,24,1.4421181852777778,16.64218664254426,13.047374499999991,31.045530999999983
split_03,3,usad,usad_relerr,threshold,advisory,external_position_anomaly,185,89,0.4810810810810811,154,2.7663557002777774,55.668907647898074,4.650838337078653,30.054137999999995
split_03,3,usad,usad_relerr,threshold,advisory,global_position_anomaly,51,3,0.058823529411764705,22,0.6878973927777778,31.981513857993356,3.037490333333333,4.050720999999996
split_03,3,usad,usad_relerr,threshold,advisory,mechanical_fault,43,4,0.09302325581395349,14,1.299568493888889,10.772806562973646,4.984914499999988,6.000157999999942
split_03,3,usad,usad_relerr,threshold,advisory,normal,0,0,,291,28.482267307222223,10.216883257963504,,
split_03,3,usad,usad_relerr,k_of_n,advisory,altitude_anomaly,114,5,0.043859649122807015,33,1.4421181852777778,22.883006633498354,12.430850999999988,31.96318199999999
split_03,3,usad,usad_relerr,k_of_n,advisory,external_position_anomaly,185,81,0.43783783783783786,145,2.7663557002777774,52.41552992821572,5.795955271604936,32.057963
split_03,3,usad,usad_relerr,k_of_n,advisory,global_position_anomaly,51,2,0.0392156862745098,20,0.6878973927777778,29.074103507266685,5.563561499999999,6.075935999999999
split_03,3,usad,usad_relerr,k_of_n,advisory,mechanical_fault,43,1,0.023255813953488372,11,1.299568493888889,8.464348013765008,6.000157999999942,6.000157999999942
split_03,3,usad,usad_relerr,k_of_n,advisory,normal,0,0,,312,28.482267307222223,10.954184111630974,,
split_03,3,usad,usad_relerr,cusum,advisory,altitude_anomaly,114,4,0.03508771929824561,10,1.4421181852777778,6.934244434393441,27.227790249999995,47.98115200000001
split_03,3,usad,usad_relerr,cusum,advisory,external_position_anomaly,185,56,0.3027027027027027,68,2.7663557002777774,24.581076104266682,15.809014624999994,64.11107700000001
split_03,3,usad,usad_relerr,cusum,advisory,global_position_anomaly,51,27,0.5294117647058824,63,0.6878973927777778,91.58342604789006,10.972403037037038,33.01075799999998
split_03,3,usad,usad_relerr,cusum,advisory,mechanical_fault,43,1,0.023255813953488372,7,1.299568493888889,5.386403281486823,7.020790999999917,7.020790999999917
split_03,3,usad,usad_relerr,cusum,advisory,normal,0,0,,178,28.482267307222223,6.249502473943312,,
split_03,3,usad,usad_rankpct,threshold,critical,altitude_anomaly,114,1,0.008771929824561403,10,1.4421181852777778,6.934244434393441,7.115957000000009,7.115957000000009
split_03,3,usad,usad_rankpct,threshold,critical,external_position_anomaly,185,93,0.5027027027027027,94,2.7663557002777774,33.979722850015705,6.7069263655914,51.998351000000014
split_03,3,usad,usad_rankpct,threshold,critical,global_position_anomaly,51,6,0.11764705882352941,11,0.6878973927777778,15.990756928996678,4.847085166666662,12.94029599999999
split_03,3,usad,usad_rankpct,threshold,critical,mechanical_fault,43,2,0.046511627906976744,11,1.299568493888889,8.464348013765008,12.968486499999983,24.001688
split_03,3,usad,usad_rankpct,threshold,critical,normal,0,0,,120,28.482267307222223,4.213147735242682,,
split_03,3,usad,usad_rankpct,k_of_n,critical,altitude_anomaly,114,1,0.008771929824561403,4,1.4421181852777778,2.7736977737573763,8.127648999999991,8.127648999999991
split_03,3,usad,usad_rankpct,k_of_n,critical,external_position_anomaly,185,72,0.3891891891891892,64,2.7663557002777774,23.135130451074524,8.590972722222226,32.057963
split_03,3,usad,usad_rankpct,k_of_n,critical,global_position_anomaly,51,7,0.13725490196078433,8,0.6878973927777778,11.629641402906675,12.74694442857143,24.098920999999997
split_03,3,usad,usad_rankpct,k_of_n,critical,mechanical_fault,43,1,0.023255813953488372,8,1.299568493888889,6.1558894645563695,3.9689970000000017,3.9689970000000017
split_03,3,usad,usad_rankpct,k_of_n,critical,normal,0,0,,60,28.482267307222223,2.106573867621341,,
split_03,3,usad,usad_rankpct,cusum,critical,altitude_anomaly,114,0,0.0,0,1.4421181852777778,0.0,,
split_03,3,usad,usad_rankpct,cusum,critical,external_position_anomaly,185,24,0.12972972972972974,14,2.7663557002777774,5.060809786172553,33.34901370833334,80.94601500000003
split_03,3,usad,usad_rankpct,cusum,critical,global_position_anomaly,51,11,0.21568627450980393,11,0.6878973927777778,15.990756928996678,17.913664363636364,55.06158099999999
split_03,3,usad,usad_rankpct,cusum,critical,mechanical_fault,43,0,0.0,4,1.299568493888889,3.0779447322781848,,
split_03,3,usad,usad_rankpct,cusum,critical,normal,0,0,,11,28.482267307222223,0.38620520906391254,,
split_03,3,usad,usad_rankpct,threshold,advisory,altitude_anomaly,114,7,0.06140350877192982,60,1.4421181852777778,41.60546660636064,9.868959428571426,31.96318199999999
split_03,3,usad,usad_rankpct,threshold,advisory,external_position_anomaly,185,90,0.4864864864864865,309,2.7663557002777774,111.69930170909419,3.9920975555555565,30.054137999999995
split_03,3,usad,usad_rankpct,threshold,advisory,global_position_anomaly,51,6,0.11764705882352941,33,0.6878973927777778,47.97227078699003,4.68957433333333,15.972031999999984
split_03,3,usad,usad_rankpct,threshold,advisory,mechanical_fault,43,8,0.18604651162790697,27,1.299568493888889,20.776126942877745,11.240883749999991,26.96317899999997
split_03,3,usad,usad_rankpct,threshold,advisory,normal,0,0,,698,28.482267307222223,24.50647599332827,,
split_03,3,usad,usad_rankpct,k_of_n,advisory,altitude_anomaly,114,7,0.06140350877192982,41,1.4421181852777778,28.430402181013108,9.590880571428569,32.979411
split_03,3,usad,usad_rankpct,k_of_n,advisory,external_position_anomaly,185,79,0.42702702702702705,189,2.7663557002777774,68.32093211332946,4.830168936708858,32.057963
split_03,3,usad,usad_rankpct,k_of_n,advisory,global_position_anomaly,51,3,0.058823529411764705,26,0.6878973927777778,37.79633455944669,7.370182000000004,10.983423000000016
split_03,3,usad,usad_rankpct,k_of_n,advisory,mechanical_fault,43,4,0.09302325581395349,18,1.299568493888889,13.85075129525183,15.442076499999985,27.879136000000017
split_03,3,usad,usad_rankpct,k_of_n,advisory,normal,0,0,,433,28.482267307222223,15.202441411334012,,
split_03,3,usad,usad_rankpct,cusum,advisory,altitude_anomaly,114,3,0.02631578947368421,9,1.4421181852777778,6.240819990954097,7.011200333333318,15.95213899999996
split_03,3,usad,usad_rankpct,cusum,advisory,external_position_anomaly,185,73,0.3945945945945946,89,2.7663557002777774,32.17229078352551,11.928459410958904,40.98775600000002
split_03,3,usad,usad_rankpct,cusum,advisory,global_position_anomaly,51,21,0.4117647058823529,45,0.6878973927777778,65.41673289135005,26.506329333333333,47.93156800000003
split_03,3,usad,usad_rankpct,cusum,advisory,mechanical_fault,43,0,0.0,9,1.299568493888889,6.925375647625915,,
split_03,3,usad,usad_rankpct,cusum,advisory,normal,0,0,,156,28.482267307222223,5.477092055815487,,
split_04,4,usad,usad_relerr,threshold,critical,altitude_anomaly,114,0,0.0,1,1.4421181852777778,0.6934244434393441,,
split_04,4,usad,usad_relerr,threshold,critical,external_position_anomaly,185,92,0.4972972972972973,82,2.7663557002777774,29.641885890439234,4.2382012934782605,30.054137999999995
split_04,4,usad,usad_relerr,threshold,critical,global_position_anomaly,51,3,0.058823529411764705,13,0.6878973927777778,18.898167279723346,2.700708666666666,4.050720999999996
split_04,4,usad,usad_relerr,threshold,critical,mechanical_fault,43,1,0.023255813953488372,4,1.299568493888889,3.0779447322781848,3.9689970000000017,3.9689970000000017
split_04,4,usad,usad_relerr,threshold,critical,normal,0,0,,77,27.243613930833334,2.8263504319026556,,
split_04,4,usad,usad_relerr,k_of_n,critical,altitude_anomaly,114,14,0.12280701754385964,95,1.4421181852777778,65.87532212673769,7.333489285714286,38.01960100000002
split_04,4,usad,usad_relerr,k_of_n,critical,external_position_anomaly,185,76,0.41081081081081083,154,2.7663557002777774,55.668907647898074,4.998241157894739,31.056343999999996
split_04,4,usad,usad_relerr,k_of_n,critical,global_position_anomaly,51,3,0.058823529411764705,22,0.6878973927777778,31.981513857993356,3.036453999999997,5.067157999999992
split_04,4,usad,usad_relerr,k_of_n,critical,mechanical_fault,43,3,0.06976744186046512,22,1.299568493888889,16.928696027530016,18.316440666666665,25.03756900000002
split_04,4,usad,usad_relerr,k_of_n,critical,normal,0,0,,468,27.243613930833334,17.17833769000575,,
split_04,4,usad,usad_relerr,cusum,critical,altitude_anomaly,114,11,0.09649122807017543,12,1.4421181852777778,8.32109332127213,15.721455545454544,40.97191800000002
split_04,4,usad,usad_relerr,cusum,critical,external_position_anomaly,185,39,0.21081081081081082,59,2.7663557002777774,21.327698384584327,22.87881807692308,72.12798500000001
split_04,4,usad,usad_relerr,cusum,critical,global_position_anomaly,51,20,0.39215686274509803,33,0.6878973927777778,47.97227078699003,26.522702099999993,45.907396000000006
split_04,4,usad,usad_relerr,cusum,critical,mechanical_fault,43,2,0.046511627906976744,18,1.299568493888889,13.85075129525183,6.971487999999994,12.926044999999988
split_04,4,usad,usad_relerr,cusum,critical,normal,0,0,,255,27.243613930833334,9.359991690067236,,
split_04,4,usad,usad_relerr,threshold,advisory,altitude_anomaly,114,5,0.043859649122807015,47,1.4421181852777778,32.59094884164917,2.397770800000007,4.064670000000003
split_04,4,usad,usad_relerr,threshold,advisory,external_position_anomaly,185,68,0.3675675675675676,153,2.7663557002777774,55.307421234600035,4.388844279411764,38.955983
split_04,4,usad,usad_relerr,threshold,advisory,global_position_anomaly,51,7,0.13725490196078433,57,0.6878973927777778,82.86119499571005,6.123379285714281,15.032612
split_04,4,usad,usad_relerr,threshold,advisory,mechanical_fault,43,2,0.046511627906976744,80,1.299568493888889,61.5588946455637,10.988701999999961,18.00840699999992
split_04,4,usad,usad_relerr,threshold,advisory,normal,0,0,,773,27.243613930833334,28.373621868321464,,
split_04,4,usad,usad_relerr,k_of_n,advisory,altitude_anomaly,114,5,0.043859649122807015,41,1.4421181852777778,28.430402181013108,3.1721871999999984,5.997671
split_04,4,usad,usad_relerr,k_of_n,advisory,external_position_anomaly,185,58,0.31351351351351353,122,2.7663557002777774,44.101342422360815,5.825330448275857,32.057963
split_04,4,usad,usad_relerr,k_of_n,advisory,global_position_anomaly,51,6,0.11764705882352941,39,0.6878973927777778,56.69450183917004,6.529753833333328,17.065679999999986
split_04,4,usad,usad_relerr,k_of_n,advisory,mechanical_fault,43,4,0.09302325581395349,60,1.299568493888889,46.16917098417277,5.5342749999999725,19.028987999999913
split_04,4,usad,usad_relerr,k_of_n,advisory,normal,0,0,,708,27.243613930833334,25.987741633598443,,
split_04,4,usad,usad_relerr,cusum,advisory,altitude_anomaly,114,14,0.12280701754385964,68,1.4421181852777778,47.1528621538754,15.15592142857143,37.020103000000006
split_04,4,usad,usad_relerr,cusum,advisory,external_position_anomaly,185,74,0.4,180,2.7663557002777774,65.0675543936471,12.455520202702703,43.567082
split_04,4,usad,usad_relerr,cusum,advisory,global_position_anomaly,51,29,0.5686274509803921,61,0.6878973927777778,88.6760156971634,10.553711068965521,30.983780000000024
split_04,4,usad,usad_relerr,cusum,advisory,mechanical_fault,43,4,0.09302325581395349,54,1.299568493888889,41.55225388575549,8.753194749999984,25.95426299999997
split_04,4,usad,usad_relerr,cusum,advisory,normal,0,0,,882,27.243613930833334,32.37455949270315,,
split_04,4,usad,usad_rankpct,threshold,critical,altitude_anomaly,114,0,0.0,2,1.4421181852777778,1.3868488868786881,,
split_04,4,usad,usad_rankpct,threshold,critical,external_position_anomaly,185,95,0.5135135135135135,62,2.7663557002777774,22.412157624478446,3.882764294736842,30.054137999999995
split_04,4,usad,usad_rankpct,threshold,critical,global_position_anomaly,51,3,0.058823529411764705,13,0.6878973927777778,18.898167279723346,2.700708666666666,4.050720999999996
split_04,4,usad,usad_rankpct,threshold,critical,mechanical_fault,43,1,0.023255813953488372,4,1.299568493888889,3.0779447322781848,3.9689970000000017,3.9689970000000017
split_04,4,usad,usad_rankpct,threshold,critical,normal,0,0,,82,27.243613930833334,3.0098796807275034,,
split_04,4,usad,usad_rankpct,k_of_n,critical,altitude_anomaly,114,5,0.043859649122807015,33,1.4421181852777778,22.883006633498354,7.2167688,15.040770000000009
split_04,4,usad,usad_rankpct,k_of_n,critical,external_position_anomaly,185,66,0.3567567567567568,161,2.7663557002777774,58.19931254098435,6.192447287878783,53.08285900000001
split_04,4,usad,usad_rankpct,k_of_n,critical,global_position_anomaly,51,2,0.0392156862745098,15,0.6878973927777778,21.805577630450014,5.563561499999999,6.075935999999999
split_04,4,usad,usad_rankpct,k_of_n,critical,mechanical_fault,43,3,0.06976744186046512,23,1.299568493888889,17.698182210599562,21.97679566666663,26.96317899999997
split_04,4,usad,usad_rankpct,k_of_n,critical,normal,0,0,,443,27.243613930833334,16.260691445881513,,
split_04,4,usad,usad_rankpct,cusum,critical,altitude_anomaly,114,8,0.07017543859649122,22,1.4421181852777778,15.25533775566557,32.369840624999995,83.98559
split_04,4,usad,usad_rankpct,cusum,critical,external_position_anomaly,185,49,0.2648648648648649,75,2.7663557002777774,27.11148099735296,19.799471510204086,65.97294600000002
split_04,4,usad,usad_rankpct,cusum,critical,global_position_anomaly,51,15,0.29411764705882354,22,0.6878973927777778,31.981513857993356,18.440987866666674,50.00577700000002
split_04,4,usad,usad_rankpct,cusum,critical,mechanical_fault,43,3,0.06976744186046512,19,1.299568493888889,14.620237478321377,5.357832999999999,13.027191000000016
split_04,4,usad,usad_rankpct,cusum,critical,normal,0,0,,233,27.243613930833334,8.552462995237907,,
split_04,4,usad,usad_rankpct,threshold,advisory,altitude_anomaly,114,14,0.12280701754385964,93,1.4421181852777778,64.488473239859,19.928550928571422,210.960291
split_04,4,usad,usad_rankpct,threshold,advisory,external_position_anomaly,185,53,0.2864864864864865,193,2.7663557002777774,69.76687776652162,4.782658999999999,30.054137999999995
split_04,4,usad,usad_rankpct,threshold,advisory,global_position_anomaly,51,5,0.09803921568627451,34,0.6878973927777778,49.42597596235337,8.796235799999991,25.013423999999986
split_04,4,usad,usad_rankpct,threshold,advisory,mechanical_fault,43,6,0.13953488372093023,39,1.299568493888889,30.0099611397123,14.150795833333333,22.986406000000045
split_04,4,usad,usad_rankpct,threshold,advisory,normal,0,0,,787,27.243613930833334,28.88750376503104,,
split_04,4,usad,usad_rankpct,k_of_n,advisory,altitude_anomaly,114,12,0.10526315789473684,103,1.4421181852777778,71.42271767425244,2.3206564166666612,5.997671
split_04,4,usad,usad_rankpct,k_of_n,advisory,external_position_anomaly,185,46,0.24864864864864866,141,2.7663557002777774,50.969584275023564,5.009837347826082,32.057963
split_04,4,usad,usad_rankpct,k_of_n,advisory,global_position_anomaly,51,4,0.0784313725490196,32,0.6878973927777778,46.5185656116267,11.776775749999988,20.011308999999983
split_04,4,usad,usad_rankpct,k_of_n,advisory,mechanical_fault,43,7,0.16279069767441862,31,1.299568493888889,23.854071675155932,13.27810242857143,24.924176000000045
split_04,4,usad,usad_rankpct,k_of_n,advisory,normal,0,0,,566,27.243613930833334,20.775510966972767,,
split_04,4,usad,usad_rankpct,cusum,advisory,altitude_anomaly,114,18,0.15789473684210525,71,1.4421181852777778,49.23313548419343,14.335640555555557,38.951595999999995
split_04,4,usad,usad_rankpct,cusum,advisory,external_position_anomaly,185,80,0.43243243243243246,197,2.7663557002777774,71.21282341971377,10.861695262499998,33.060280000000006
split_04,4,usad,usad_rankpct,cusum,advisory,global_position_anomaly,51,28,0.5490196078431373,35,0.6878973927777778,50.8796811377167,9.435670678571432,33.990216000000004
split_04,4,usad,usad_rankpct,cusum,advisory,mechanical_fault,43,8,0.18604651162790697,58,1.299568493888889,44.63019861803368,16.757285250000002,50.04199700000001
split_04,4,usad,usad_rankpct,cusum,advisory,normal,0,0,,699,27.243613930833334,25.65738898571372,,
